Date,AKBNK.IS,ARCLK.IS,BIMAS.IS,EREGL.IS,GARAN.IS,KCHOL.IS,SAHOL.IS,SISE.IS,THYAO.IS,TUPRS.IS
2023-01-02,17.02597999572754,114.71617889404297,130.4022216796875,20.933307647705078,26.237031936645508,76.03353881835938,40.86561584472656,42.513427734375,143.40660095214844,49.239501953125
2023-01-03,16.651782989501953,116.8787841796875,131.05752563476562,20.6690731048584,25.551544189453125,74.99876403808594,40.330257415771484,43.884212493896484,143.9927215576172,48.291168212890625
2023-01-04,16.711313247680664,121.89208984375,127.87469482421875,21.001811981201172,25.705778121948242,74.81880950927734,40.02688980102539,42.79900360107422,141.15975952148438,47.18632507324219
2023-01-05,16.218053817749023,117.27198791503906,123.10045623779297,20.42441177368164,24.780370712280273,72.88422393798828,38.68849563598633,41.447261810302734,138.5221710205078,45.99861145019531
2023-01-06,15.903388023376465,112.94678497314453,121.13459777832031,20.375478744506836,24.18056869506836,71.44453430175781,38.51004409790039,41.48533630371094,139.2060089111328,46.799625396728516
2023-01-09,15.146488189697266,105.27937316894531,122.44517517089844,19.484907150268555,22.895280838012695,68.38520050048828,37.02888870239258,39.86704635620117,135.2007598876953,46.10908889770508
2023-01-10,14.483139991760254,100.26606750488281,121.69628143310547,18.52583122253418,22.089834213256836,65.01092529296875,35.85110092163086,38.87703323364258,128.16720581054688,43.761287689208984
2023-01-11,13.692221641540527,92.94271850585938,116.45397186279297,18.02672004699707,20.46179962158203,62.7164192199707,34.245033264160156,36.382965087890625,122.4035873413086,43.549522399902344
2023-01-12,14.159968376159668,98.8898696899414,117.95176696777344,19.367469787597656,21.010189056396484,65.64078521728516,35.38712692260742,38.05836868286133,132.66087341308594,47.33363342285156
2023-01-13,14.074922561645508,94.51551818847656,115.23700714111328,19.749143600463867,20.701719284057617,65.46083068847656,35.28005599975586,37.86798095703125,131.5863037109375,46.97455596923828
2023-01-16,14.687247276306152,102.82186889648438,120.01124572753906,20.07209587097168,21.59285545349121,67.71034240722656,36.68982696533203,39.600502014160156,141.06207275390625,49.74589538574219
2023-01-17,14.899858474731445,113.04508209228516,123.2876968383789,20.013378143310547,21.764225006103516,69.37498474121094,37.31441116333008,41.656681060791016,143.9927215576172,52.443565368652344
2023-01-18,14.763787269592285,112.35697937011719,125.81521606445312,19.856794357299805,21.798500061035156,69.73490142822266,37.13595962524414,41.294952392578125,145.6534423828125,53.95353317260742
2023-01-19,14.959389686584473,117.6651840209961,126.65775299072266,19.749143600463867,21.969871520996094,71.4895248413086,38.22452163696289,42.22784423828125,151.02630615234375,53.778594970703125
2023-01-20,15.911890983581543,116.0923843383789,126.65775299072266,20.06231117248535,23.049514770507812,74.41388702392578,38.884796142578125,42.208805084228516,149.36558532714844,54.846622467041016
2023-01-23,15.792829513549805,114.51958465576172,128.34278869628906,19.435976028442383,23.27229881286621,74.683837890625,38.26021194458008,40.66667175292969,147.70489501953125,56.1171989440918
2023-01-24,15.571711540222168,113.43827819824219,128.1555633544922,19.132593154907227,22.655359268188477,73.15416717529297,37.61778259277344,40.457244873046875,146.23956298828125,57.27729034423828
2023-01-25,15.086956977844238,112.06208038330078,127.68746948242188,18.927078247070312,21.849912643432617,72.119384765625,36.74336242675781,39.943199157714844,148.29103088378906,57.72843933105469
2023-01-26,14.500146865844727,113.63488006591797,125.34716033935547,19.093448638916016,21.027328491210938,70.85965728759766,35.72618865966797,39.372039794921875,146.72799682617188,56.641998291015625
2023-01-27,14.159968376159668,111.66887664794922,124.97271728515625,19.132593154907227,20.41038703918457,71.12960815429688,35.60126876831055,39.8289680480957,146.33724975585938,58.437381744384766
2023-01-30,14.483139991760254,108.9164810180664,120.10486602783203,19.161954879760742,20.46179962158203,70.09483337402344,35.030216217041016,38.55337905883789,141.4528350830078,55.638423919677734
2023-01-31,14.440616607666016,105.37767028808594,116.54757690429688,18.643268585205078,20.59889793395996,68.79010772705078,34.816078186035156,37.63951873779297,134.4192657470703,54.450714111328125
2023-02-01,13.224474906921387,99.57797241210938,111.49250030517578,17.77227020263672,19.15937614440918,64.11112213134766,33.17431640625,36.4591178894043,127.77645111083984,51.80827713012695
2023-02-02,12.807755470275879,102.62527465820312,113.83282470703125,18.349674224853516,18.748079299926758,65.32585906982422,34.245033264160156,37.96317672729492,131.48861694335938,50.795501708984375
2023-02-03,14.040905952453613,106.75387573242188,118.88790130615234,19.21088409423828,20.204742431640625,69.55493927001953,36.01171112060547,40.971290588378906,139.40138244628906,55.15045928955078
2023-02-06,13.777267456054688,103.21507263183594,120.29209899902344,19.602346420288086,19.313608169555664,68.83509826660156,35.690494537353516,40.59051513671875,136.6660919189453,53.299827575683594
2023-02-07,12.501593589782715,93.23761749267578,112.33502197265625,18.388822555541992,18.045455932617188,62.04157257080078,33.13862228393555,36.954124450683594,124.25965881347656,48.12544631958008
2023-02-08,11.651144027709961,86.35661315917969,109.80748748779297,17.439529418945312,16.854421615600586,59.38714599609375,31.264875411987305,34.76467514038086,112.34168243408203,44.884552001953125
2023-02-15,13.751751899719238,102.5269775390625,123.56852722167969,20.218894958496094,19.844860076904297,68.20523834228516,36.43999481201172,40.64763641357422,136.6660919189453,52.93154525756836
2023-02-16,13.692221641540527,105.18107604980469,125.53439331054688,21.774946212768555,19.690624237060547,67.44039916992188,35.72618865966797,43.08458709716797,136.7637939453125,58.041481018066406
2023-02-17,13.598671913146973,101.8388671875,126.65775299072266,22.08811378479004,19.433568954467773,67.3954086303711,35.60126876831055,42.74188995361328,138.0337371826172,57.45222091674805
2023-02-20,13.598671913146973,108.42498016357422,126.00245666503906,24.13349151611328,19.4849796295166,68.47517395019531,36.31507873535156,45.216922760009766,138.0337371826172,56.74327850341797
2023-02-21,13.52213191986084,113.53658294677734,125.72162628173828,24.397727966308594,19.433568954467773,67.66535186767578,35.976016998291016,44.45537185668945,134.3215789794922,55.610809326171875
2023-02-22,13.658203125,115.01107788085938,123.56852722167969,22.264270782470703,19.519254684448242,67.3954086303711,36.43999481201172,43.42728042602539,133.2469940185547,54.045597076416016
2023-02-23,13.700726509094238,113.53658294677734,125.06634521484375,21.716228485107422,19.4849796295166,67.57537078857422,36.618446350097656,43.56055450439453,133.4423828125,53.99956512451172
2023-02-24,13.573158264160156,115.20767974853516,123.75574493408203,21.647724151611328,19.056549072265625,67.66535186767578,36.225852966308594,42.361114501953125,131.87936401367188,55.20569610595703
2023-02-27,14.729768753051758,117.37028503417969,126.5641098022461,21.54985809326172,20.221878051757812,70.13981628417969,38.13529586791992,43.84613800048828,140.08518981933594,55.242523193359375
2023-02-28,14.882848739624023,117.37028503417969,127.59386444091797,21.57921600341797,19.94768524169922,69.77989196777344,38.884796142578125,44.93134307861328,140.28057861328125,54.60723876953125
2023-03-01,14.976398468017578,117.46858215332031,130.3086395263672,22.22512435913086,20.187604904174805,72.16437530517578,39.652137756347656,46.39732360839844,144.0904083251953,55.224117279052734
2023-03-02,15.086956977844238,120.31929016113281,132.74253845214844,21.363914489746094,20.341838836669922,72.56929016113281,39.97335433959961,45.50250244140625,138.71754455566406,55.48190689086914
2023-03-03,14.80630874633789,124.0546875,128.1555633544922,21.520498275756836,20.46179962158203,70.99463653564453,39.20600891113281,44.70287322998047,135.49383544921875,56.20926284790039
2023-03-06,15.945911407470703,132.1152801513672,131.05752563476562,21.726016998291016,22.021284103393555,76.03353881835938,40.919151306152344,47.73955535888672,139.10829162597656,57.304908752441406
2023-03-07,15.835352897644043,136.8336944580078,129.65335083007812,21.68686866760254,21.987009048461914,75.58363342285156,40.04473876953125,46.47347640991211,137.7406768798828,59.46858596801758
2023-03-08,16.949440002441406,139.38949584960938,130.5894775390625,21.05074691772461,24.18056869506836,80.5325698852539,41.59727478027344,46.53059387207031,136.86148071289062,59.293643951416016
2023-03-09,16.847383499145508,136.0472869873047,130.87030029296875,21.031173706054688,24.026334762573242,78.7779541015625,40.79423522949219,45.90231704711914,137.25222778320312,58.833282470703125
2023-03-10,16.60075569152832,132.21359252929688,132.55531311035156,19.94487190246582,24.386215209960938,77.5632095336914,39.919822692871094,45.06460952758789,135.49383544921875,57.90281677246094
2023-03-13,15.903388023376465,130.1492919921875,135.0828399658203,19.53384017944336,23.015239715576172,75.85358428955078,39.88412857055664,44.017486572265625,132.66087341308594,56.891845703125
2023-03-14,15.775819778442383,127.10198974609375,128.99806213378906,19.39682960510254,22.552536010742188,72.52429962158203,38.74203109741211,44.1888313293457,129.2417755126953,55.02848815917969
2023-03-15,15.818343162536621,121.79378509521484,128.4363555908203,18.878145217895508,22.655359268188477,71.12960815429688,37.76054382324219,43.769981384277344,127.87413787841797,56.188133239746094
2023-03-16,16.056467056274414,130.54249572753906,135.7381591796875,19.435976028442383,22.878145217895508,74.1889419555664,38.99186706542969,45.1788444519043,129.1440887451172,57.01078414916992
2023-03-17,15.486668586730957,125.03768920898438,136.01898193359375,18.594335556030273,21.901323318481445,70.99463653564453,37.599937438964844,43.75094223022461,123.57585144042969,55.03839874267578
2023-03-20,15.435640335083008,120.02438354492188,134.42758178710938,18.11479949951172,22.19265365600586,68.92507934570312,36.79690170288086,42.28496170043945,123.18509674072266,52.85788345336914
2023-03-21,14.959389686584473,116.97708129882812,131.33836364746094,18.11479949951172,21.49003028869629,68.88008880615234,36.43999481201172,41.77091598510742,121.03594970703125,52.63982391357422
2023-03-22,15.248543739318848,121.99038696289062,131.5255889892578,18.15394401550293,22.38116455078125,71.8044662475586,37.18949508666992,42.951316833496094,124.94348907470703,54.36442184448242
2023-03-23,15.571711540222168,121.49888610839844,132.08724975585938,18.15394401550293,23.46080780029297,72.25436401367188,37.42148208618164,43.52248001098633,126.40880584716797,54.18601608276367
2023-03-24,15.308073043823242,120.51588439941406,132.74253845214844,18.15394401550293,23.066652297973633,70.94963836669922,36.90397262573242,42.72285079956055,125.43192291259766,52.907432556152344
2023-03-27,15.605731964111328,121.40058898925781,131.99365234375,18.290956497192383,22.99810218811035,70.33598327636719,36.33292770385742,41.9232292175293,122.4035873413086,51.92619705200195
2023-03-28,15.120975494384766,115.60088348388672,133.67869567871094,17.517822265625,22.41543960571289,68.72593688964844,35.22651672363281,39.98128128051758,116.63997650146484,50.786376953125
2023-03-29,15.860864639282227,116.68218231201172,137.51678466796875,17.77227020263672,23.495080947875977,71.25601196289062,36.99319839477539,40.9141731262207,121.71977233886719,53.17504119873047
2023-03-30,15.654637336730957,116.0923843383789,137.61041259765625,17.576539993286133,24.30052947998047,72.68205261230469,36.350772857666016,40.780906677246094,119.08218383789062,53.42283248901367
2023-03-31,15.879612922668457,115.20767974853516,139.20179748535156,17.322093963623047,23.872098922729492,70.38198852539062,35.29790115356445,40.2859001159668,115.76077270507812,52.54071044921875
2023-04-03,15.954606056213379,115.01107788085938,139.20179748535156,17.273160934448242,24.11202049255371,71.76202392578125,35.56863021850586,40.72378921508789,118.00761413574219,55.94034194946289
2023-04-04,16.27332305908203,118.84478759765625,145.0994110107422,17.596113204956055,24.334802627563477,73.92408752441406,36.987640380859375,42.85612106323242,125.13887023925781,56.92654037475586
2023-04-05,15.804620742797852,116.78048706054688,143.50799560546875,17.331878662109375,23.683589935302734,72.45204162597656,36.42750549316406,41.56148910522461,122.4035873413086,55.122642517089844
2023-04-06,15.607766151428223,115.60088348388672,146.5035858154297,17.048070907592773,23.426532745361328,71.76202392578125,36.4461784362793,41.10456085205078,124.25965881347656,53.839115142822266
2023-04-07,15.77649974822998,115.99407958984375,144.81857299804688,17.057857513427734,23.375120162963867,71.34801483154297,36.53953170776367,40.74282455444336,124.45504760742188,53.24938201904297
2023-04-10,16.18895721435547,119.0413818359375,149.49917602539062,17.556968688964844,23.837825775146484,73.60208129882812,38.1265869140625,42.28496170043945,130.41403198242188,54.67167663574219
2023-04-11,16.732650756835938,119.13967895507812,149.68641662597656,17.713552474975586,24.694683074951172,75.1661148071289,38.36931228637695,41.9232292175293,129.92559814453125,54.32477951049805
2023-04-12,17.14510726928711,118.45158386230469,150.90338134765625,17.74291229248047,25.96283531188965,75.53412628173828,38.40665054321289,42.26592254638672,130.31634521484375,54.18601608276367
2023-04-13,16.732650756835938,119.53288269042969,151.93312072753906,17.76248550415039,25.243074417114258,74.06208801269531,39.07881546020508,42.361114501953125,133.9308319091797,53.90849685668945
2023-04-14,16.470178604125977,119.23798370361328,155.02235412597656,17.468891143798828,25.215049743652344,73.87808227539062,38.33197021484375,41.82802963256836,131.29322814941406,53.075927734375
2023-04-17,16.760770797729492,116.28898620605469,151.74591064453125,17.194868087768555,25.122821807861328,73.05005645751953,37.77183151245117,41.294952392578125,132.56317138671875,51.7230224609375
2023-04-18,16.845136642456055,114.02808380126953,151.65228271484375,16.979564666748047,25.676189422607422,72.498046875,37.585121154785156,40.24782180786133,133.05162048339844,50.9598274230957
2023-04-19,17.32321548461914,114.32298278808594,151.93312072753906,17.048070907592773,27.20716667175293,72.72805786132812,37.77183151245117,40.53340148925781,131.5863037109375,52.278053283691406
2023-04-20,16.592039108276367,110.98078155517578,148.37586975097656,16.86212730407715,25.952869415283203,72.95806121826172,37.82784652709961,39.98128128051758,130.90248107910156,51.27204132080078
2023-04-24,16.573291778564453,106.95047760009766,146.03553771972656,16.695756912231445,25.989763259887695,73.69407653808594,37.790504455566406,39.886085510253906,133.14930725097656,51.029212951660156
2023-04-25,16.170209884643555,102.13377380371094,142.57186889648438,16.715330123901367,24.975257873535156,72.498046875,37.41707992553711,38.80087661743164,130.60940551757812,49.95381164550781
2023-04-26,15.804620742797852,98.3000717163086,143.78883361816406,16.09878158569336,24.993703842163086,71.30200958251953,37.6784782409668,37.46816635131836,126.99493408203125,48.149932861328125
2023-04-27,15.935857772827148,97.16961669921875,148.18862915039062,15.961769104003906,25.823753356933594,72.91206359863281,37.21169662475586,36.74469757080078,127.77645111083984,48.04585647583008
2023-04-28,15.045323371887207,95.20361328125,146.2227325439453,16.216218948364258,25.25193977355957,69.59996795654297,35.6619873046875,35.08833694458008,124.8458023071289,45.999141693115234
2023-05-02,14.68911075592041,91.22246551513672,143.88243103027344,15.775827407836914,25.45484161376953,68.08192443847656,35.064510345458984,34.9360237121582,123.38047790527344,45.340023040771484
2023-05-03,14.548501014709473,92.54951477050781,146.4099884033203,15.315861701965332,25.233495712280273,69.69196319580078,35.92338562011719,35.564300537109375,126.21343231201172,47.87240219116211
2023-05-04,14.567248344421387,90.73096466064453,145.94190979003906,15.129919052124023,24.514118194580078,70.33598327636719,35.34457778930664,35.526222229003906,124.74810791015625,46.31135559082031
2023-05-05,14.286026954650879,88.42090606689453,146.97164916992188,14.660165786743164,23.5180606842041,69.64595794677734,35.00849533081055,35.06929397583008,122.59896087646484,45.02781677246094
2023-05-08,15.457782745361328,90.53436279296875,151.83949279785156,14.983120918273926,25.676189422607422,74.15409088134766,36.595550537109375,36.55431365966797,129.730224609375,46.31135559082031
2023-05-09,15.664010047912598,90.5835189819336,154.92872619628906,14.71888542175293,26.192663192749023,79.90425109863281,36.819602966308594,35.697566986083984,125.82269287109375,45.2359504699707
2023-05-10,15.75775146484375,90.97671508789062,148.46945190429688,14.395931243896484,26.174217224121094,80.82427978515625,36.96896743774414,34.97410202026367,123.8689193725586,45.09719467163086
2023-05-11,17.33258819580078,99.67626953125,163.26023864746094,15.217997550964355,28.775039672851562,88.87451171875,40.591182708740234,38.458187103271484,133.14930725097656,49.606910705566406
2023-05-12,18.0825138092041,92.89356231689453,165.97500610351562,15.071198463439941,30.527362823486328,89.1045150756836,39.50825119018555,37.94413757324219,129.53485107421875,49.260013580322266
2023-05-15,16.282697677612305,88.07685852050781,149.4055938720703,14.826536178588867,27.483850479125977,80.22625732421875,35.56863021850586,34.84082794189453,121.5243911743164,44.542152404785156
2023-05-16,14.782852172851562,91.56651306152344,142.19740295410156,15.991129875183105,24.84613800048828,73.51007080078125,35.51261901855469,36.26872634887695,132.758544921875,46.207279205322266
2023-05-17,14.604743957519531,91.76311492919922,137.32955932617188,15.981342315673828,24.255882263183594,74.61410522460938,35.792686462402344,37.04931640625,133.9308319091797,47.247982025146484
2023-05-18,14.042302131652832,88.47006225585938,132.64894104003906,15.217997550964355,23.056921005249023,71.76202392578125,34.67241287231445,35.58333969116211,129.53485107421875,45.47878646850586
2023-05-22,13.536104202270508,85.6193618774414,128.1555633544922,15.257143020629883,22.22687339782715,69.27796173095703,33.44011688232422,35.03121566772461,132.36781311035156,44.40339279174805
2023-05-23,13.498607635498047,85.27530670166016,125.81521606445312,15.16906452178955,22.245319366455078,69.09394836425781,33.49612808227539,34.612361907958984,131.29322814941406,45.51347351074219
2023-05-24,13.076776504516602,83.70250701904297,124.87909698486328,15.15927791595459,21.765735626220703,66.79388427734375,32.22649002075195,33.90793228149414,129.730224609375,44.680912017822266
2023-05-25,13.404868125915527,83.70250701904297,124.50464630126953,15.188637733459473,22.20842742919922,67.20790100097656,32.13312911987305,33.86985778808594,131.00018310546875,44.334014892578125
2023-05-26,13.601722717285156,87.1921615600586,125.90882873535156,15.638815879821777,22.669567108154297,69.00194549560547,33.17871856689453,35.602378845214844,139.0106201171875,45.58285140991211
2023-05-29,13.95793628692627,90.5835189819336,128.4363555908203,16.411949157714844,23.1860408782959,70.10597229003906,33.925567626953125,37.88702392578125,142.62509155273438,47.31736373901367
2023-05-30,15.345293045043945,97.31707000732422,131.61923217773438,16.725116729736328,25.49173355102539,74.66011047363281,36.670230865478516,40.11455154418945,143.6019744873047,48.21931076049805
2023-05-31,14.810973167419434,94.66297149658203,131.99365234375,16.167287826538086,24.69857406616211,72.498046875,36.0354118347168,39.05548095703125,140.4759521484375,46.48480224609375
2023-06-01,15.317171096801758,99.08647155761719,134.61480712890625,16.304298400878906,25.030593872070312,74.06208801269531,36.78226089477539,39.59737777709961,143.6019744873047,46.93577575683594
2023-06-02,16.451427459716797,102.62527465820312,136.58065795898438,16.715330123901367,26.43245506286621,78.47821807861328,37.93987274169922,40.33281326293945,146.6303253173828,48.32337951660156
2023-06-05,17.03261947631836,107.73687744140625,144.2568817138672,17.17529296875,27.188720703125,86.29843139648438,40.01237869262695,42.016571044921875,160.69744873046875,50.71699905395508
2023-06-06,16.910757064819336,110.09607696533203,145.19300842285156,17.17529296875,26.782922744750977,86.39044189453125,39.32154083251953,41.4940299987793,161.57662963867188,50.85576248168945
2023-06-07,17.238847732543945,117.9600830078125,150.43531799316406,17.879924774169922,27.649860382080078,92.00259399414062,40.62852478027344,44.2615852355957,168.5125274658203,53.735042572021484
2023-06-08,17.482572555541992,115.99407958984375,150.99697875976562,17.860349655151367,27.96343421936035,92.18659973144531,40.5351676940918,43.545501708984375,167.63333129882812,53.873802185058594
2023-06-09,17.30446434020996,115.7974853515625,153.15008544921875,18.17351722717285,27.668306350708008,95.31468963623047,40.703208923339844,43.46808624267578,172.81080627441406,53.76973342895508
2023-06-12,16.948253631591797,112.1603775024414,154.08621215820312,18.564977645874023,26.81981086730957,92.92262268066406,39.863006591796875,42.90683364868164,179.06288146972656,53.561588287353516
2023-06-13,16.901384353637695,112.55358123779297,154.92872619628906,18.300743103027344,26.561573028564453,91.63458251953125,39.11616134643555,41.43596649169922,173.6900177001953,51.34142303466797
2023-06-14,17.22010040283203,109.89948272705078,152.74929809570312,17.76248550415039,27.041156768798828,91.35858154296875,38.55602264404297,40.25539779663086,178.672119140625,49.95381164550781
2023-06-15,18.02626609802246,112.25867462158203,159.38232421875,17.90928077697754,28.277008056640625,92.92262268066406,39.41489791870117,40.894065856933594,178.76980590820312,51.61894989013672
2023-06-16,17.707550048828125,109.60457611083984,167.62623596191406,18.01693344116211,27.742088317871094,91.4505844116211,41.05796432495117,40.87471389770508,176.52297973632812,50.682308197021484
2023-06-19,17.351335525512695,104.49297332763672,165.7310791015625,17.498249053955078,27.133386611938477,87.44847106933594,39.56427001953125,39.13289260864258,169.97784423828125,49.884437561035156
2023-06-20,17.848161697387695,103.21507263183594,157.29766845703125,17.12636375427246,28.277008056640625,88.3224868774414,40.49782943725586,38.82323455810547,167.4379425048828,50.647621154785156
2023-06-21,18.101259231567383,109.60457611083984,150.5698699951172,16.685970306396484,27.760534286499023,86.94245147705078,39.3028678894043,38.35874938964844,165.4841766357422,50.19664001464844
2023-06-22,17.988771438598633,117.9600830078125,157.5819549560547,17.351451873779297,28.00032615661621,92.00259399414062,40.460487365722656,41.78432846069336,176.13223266601562,52.13929748535156
2023-06-23,18.55121421813965,120.71248626708984,159.1928253173828,17.654834747314453,29.143949508666992,95.31468963623047,43.4105339050293,42.5197639465332,180.4304962158203,53.24938201904297
2023-06-26,19.14177703857422,126.31558990478516,162.98309326171875,18.02672004699707,29.9739990234375,96.5107192993164,43.59724807739258,43.15843200683594,186.58486938476562,54.8104362487793
2023-06-27,18.935548782348633,127.79009246826172,161.56175231933594,17.968002319335938,29.54975128173828,95.40669250488281,42.962425231933594,43.02295684814453,189.2224578857422,55.01858139038086
2023-07-03,19.404251098632812,134.17959594726562,169.52139282226562,18.936864852905273,30.17690086364746,97.8907699584961,44.32542037963867,44.80348205566406,205.63412475585938,58.97325134277344
2023-07-04,19.779211044311523,130.83740234375,167.1524658203125,18.67262840270996,31.228296279907227,96.60272979736328,43.97066879272461,44.02934265136719,203.2895965576172,58.279449462890625
2023-07-05,19.554235458374023,131.42718505859375,171.1322784423828,18.936864852905273,30.988500595092773,100.46683502197266,44.41878128051758,44.68736267089844,211.49542236328125,58.73042297363281
2023-07-06,19.179271697998047,135.94900512695312,173.59596252441406,18.790067672729492,30.527362823486328,100.19082641601562,43.98933792114258,45.190555572509766,211.59310913085938,61.089351654052734
2023-07-07,18.991792678833008,143.32150268554688,171.70083618164062,19.083662033081055,30.398244857788086,100.558837890625,43.59724807739258,45.055084228515625,210.22547912597656,62.997310638427734
2023-07-10,19.216768264770508,141.94529724121094,175.68063354492188,19.27939224243164,30.56425666809082,100.09883117675781,43.97066879272461,45.30667495727539,209.6393585205078,62.8238639831543
2023-07-11,20.510385513305664,140.47079467773438,175.96490478515625,19.25981903076172,32.35347366333008,102.67489624023438,45.632408142089844,45.7905158996582,210.3231658935547,62.89324188232422
2023-07-12,21.65401840209961,139.78269958496094,176.72296142578125,18.966222763061523,34.53004455566406,102.49089050292969,46.67799377441406,45.190555572509766,206.0248565673828,62.858551025390625
2023-07-13,22.910139083862305,144.0095977783203,174.35401916503906,18.976009368896484,36.429935455322266,103.31891632080078,47.19145202636719,46.351768493652344,204.65724182128906,61.78315734863281
2023-07-14,23.210107803344727,152.07020568847656,175.11207580566406,18.89771842956543,35.507659912109375,102.76689910888672,49.01189422607422,47.62910461425781,208.5647735595703,61.470943450927734
2023-07-17,23.73505401611328,151.57870483398438,184.3983612060547,18.985797882080078,35.507659912109375,103.87093353271484,50.36555480957031,49.980560302734375,213.7422637939453,62.51165008544922
2023-07-18,22.047727584838867,144.0095977783203,188.9467010498047,18.290956497192383,32.99906539916992,99.6388168334961,47.19145202636719,47.377506256103516,209.05320739746094,60.01396560668945
2023-07-19,23.453832626342773,148.13819885253906,189.4204864501953,18.43775177001953,34.53004455566406,105.34297180175781,48.87186050415039,48.32583236694336,218.4313201904297,62.060672760009766
2023-07-20,23.15386390686035,151.8736114501953,191.03140258789062,18.43775177001953,34.862064361572266,110.95512390136719,49.24528503417969,48.345184326171875,219.9943084716797,63.13608169555664
2023-07-21,22.46018409729004,150.2025146484375,192.3579864501953,18.202877044677734,33.88445281982422,109.6670913696289,48.918540954589844,47.067848205566406,218.4313201904297,63.413597106933594
2023-07-24,23.247602462768555,143.9113006591797,187.9043731689453,18.57476234436035,33.4786491394043,108.1030502319336,48.77850341796875,46.37112045288086,216.67291259765625,63.725807189941406
2023-07-25,23.34134292602539,139.6844024658203,184.01931762695312,18.13437271118164,35.028076171875,107.18302154541016,48.54511260986328,45.5776252746582,212.27694702148438,64.83588409423828
2023-07-26,23.43508529663086,145.87730407714844,192.83177185058594,18.447540283203125,34.97273635864258,109.57508850097656,49.478675842285156,47.125911712646484,218.9197540283203,64.73182678222656
2023-07-27,24.784944534301758,145.18919372558594,193.3055419921875,18.55518913269043,36.798851013183594,112.2431640625,51.20575714111328,47.3968620300293,223.21803283691406,66.98667907714844
2023-07-28,26.772239685058594,149.80929565429688,205.81356811523438,18.819425582885742,39.43655776977539,123.46748352050781,53.9130859375,48.32583236694336,229.5677947998047,68.61711883544922
2023-07-31,26.191049575805664,151.77529907226562,204.77125549316406,20.40483856201172,40.48795700073242,124.20349884033203,53.77304458618164,51.67399597167969,228.8839569091797,71.73922729492188
2023-08-01,25.366134643554688,149.80929565429688,203.5393829345703,19.94487190246582,39.3996696472168,121.9034423828125,53.0728759765625,50.5611686706543,225.66024780273438,70.28224182128906
2023-08-02,26.284791946411133,147.35179138183594,208.65628051757812,20.032949447631836,42.03738021850586,121.16741180419922,53.212913513183594,51.867530822753906,231.03311157226562,70.629150390625
2023-08-03,25.572364807128906,144.30450439453125,216.3316650390625,19.76871681213379,42.03738021850586,117.76332092285156,51.62586212158203,50.9482421875,229.5677947998047,69.03340148925781
2023-08-04,26.528514862060547,146.2705078125,218.7006072998047,20.130817413330078,43.34701156616211,121.99544525146484,53.25959396362305,53.07712936401367,243.0487823486328,71.94737243652344
2023-08-07,26.359783172607422,147.9416046142578,215.7631072998047,20.052522659301758,43.162559509277344,122.45545959472656,54.61325454711914,51.480464935302734,260.7303771972656,72.22489929199219
2023-08-08,26.39727783203125,145.48410034179688,219.07962036132812,20.052522659301758,44.472190856933594,119.60337829589844,53.77304458618164,49.78702926635742,255.74827575683594,70.629150390625
2023-08-09,29.02200698852539,147.74501037597656,240.96864318847656,20.395051956176758,48.88067626953125,122.54745483398438,55.826881408691406,50.22248458862305,253.9898681640625,74.2369155883789
2023-08-10,28.740787506103516,148.3347930908203,252.7185821533203,19.543624877929688,50.26408767700195,122.45545959472656,55.36009979248047,48.38389205932617,252.52456665039062,72.71055603027344
2023-08-11,28.9470157623291,155.41241455078125,258.404052734375,20.081884384155273,51.18636703491211,128.52761840820312,57.74067687988281,50.077327728271484,259.5581359863281,77.01213836669922
2023-08-14,28.309581756591797,152.56170654296875,258.21453857421875,20.82565689086914,51.50916290283203,125.6755599975586,57.36725616455078,49.35157012939453,255.35752868652344,79.78734588623047
2023-08-15,28.45956802368164,149.90760803222656,245.7064971923828,20.336332321166992,51.18636703491211,125.58354187011719,56.62040710449219,49.35157012939453,253.69683837890625,79.37105560302734
2023-08-16,27.91587257385254,150.89060974121094,242.57952880859375,20.385265350341797,49.572383880615234,125.30752563476562,56.52705001831055,48.867733001708984,248.6170196533203,82.7013168334961
2023-08-17,28.272085189819336,154.72430419921875,239.2630157470703,20.923521041870117,49.98740768432617,125.58354187011719,56.9471549987793,49.883792877197266,256.0413513183594,85.33776092529297
2023-08-18,26.86598014831543,149.3177947998047,222.680419921875,20.502704620361328,46.713321685791016,124.20349884033203,54.61325454711914,47.84199142456055,245.5886688232422,88.11297607421875
2023-08-21,26.566011428833008,158.16481018066406,238.97872924804688,22.019609451293945,45.874053955078125,127.9756088256836,55.68684768676758,49.10965347290039,253.01300048828125,96.92427062988281
2023-08-22,25.778593063354492,155.31411743164062,237.84164428710938,21.81409454345703,45.41291427612305,129.90765380859375,54.75328826904297,48.48065948486328,249.00778198242188,96.4386215209961
2023-08-23,25.928577423095703,149.80929565429688,230.26101684570312,21.82387924194336,45.652706146240234,126.04356384277344,53.63301467895508,48.8193473815918,234.1591339111328,89.84748077392578
2023-08-24,28.515810012817383,146.46710205078125,227.51307678222656,20.855016708374023,50.217979431152344,125.39954376220703,54.846641540527344,46.81625747680664,225.1717987060547,88.11297607421875
2023-08-25,28.06585693359375,153.54470825195312,243.52708435058594,21.44220542907715,49.019020080566406,126.04356384277344,55.546810150146484,49.64187240600586,232.49844360351562,92.62271118164062
2023-08-28,27.934619903564453,155.6090087890625,242.57952880859375,21.432418823242188,48.650108337402344,129.72366333007812,57.694000244140625,51.6256103515625,250.0823516845703,101.85029602050781
2023-08-29,28.309581756591797,163.07980346679688,243.6218719482422,21.119251251220703,47.405033111572266,133.4037628173828,57.460609436035156,50.706321716308594,242.16958618164062,98.65878295898438
2023-08-31,26.978469848632812,160.0325164794922,238.97872924804688,21.05074691772461,46.298301696777344,130.45968627929688,55.826881408691406,49.59349060058594,239.3366241455078,97.8956069946289
2023-09-01,27.540910720825195,159.14781188964844,245.61178588867188,21.55964469909668,46.89777755737305,132.11573791503906,57.36725616455078,49.980560302734375,248.1285858154297,99.00568389892578
2023-09-04,28.32832908630371,156.29710388183594,248.64401245117188,21.57921600341797,47.26668930053711,132.11573791503906,56.62040710449219,50.22248458862305,246.85862731933594,100.53204345703125
2023-09-05,29.584449768066406,157.37841796875,250.3496551513672,22.508934020996094,47.866172790527344,132.48373413085938,57.36725616455078,52.06106948852539,246.17481994628906,101.85029602050781
2023-09-06,29.434465408325195,155.41241455078125,245.2327423095703,22.73402214050293,47.45114517211914,130.5516815185547,57.04050827026367,52.593292236328125,239.3366241455078,99.90762329101562
2023-09-07,30.57809829711914,157.9682159423828,258.6883239746094,23.634380340576172,48.327308654785156,132.48373413085938,59.234375,52.690059661865234,238.9458770751953,100.46267700195312
2023-09-08,30.27812957763672,159.73760986328125,255.8455810546875,23.242921829223633,48.23508071899414,134.8758087158203,60.12125778198242,52.157840728759766,237.67593383789062,99.76887512207031
2023-09-11,28.703290939331055,155.21580505371094,255.8455810546875,22.665517807006836,46.34441375732422,131.10369873046875,58.020748138427734,52.835208892822266,229.07933044433594,97.27117919921875
2023-09-12,27.765888214111328,155.80560302734375,256.31939697265625,22.313203811645508,45.708045959472656,130.6436767578125,56.900474548339844,52.496524810791016,230.54466247558594,98.79753875732422
2023-09-13,27.315933227539062,154.23280334472656,255.8455810546875,21.49113655090332,45.339134216308594,127.5156021118164,55.17338943481445,53.46419906616211,226.3440704345703,97.82622528076172
2023-09-14,26.997215270996094,159.0495147705078,259.5411376953125,21.540071487426758,46.66720962524414,129.72366333007812,56.34033966064453,54.770565032958984,232.98687744140625,100.2545394897461
2023-09-15,26.659751892089844,159.83592224121094,255.8455810546875,21.530282974243164,46.11384201049805,125.49153137207031,54.706607818603516,52.786827087402344,221.85040283203125,98.17313385009766
2023-09-18,26.753494262695312,151.8736114501953,253.95042419433594,20.6690731048584,45.744930267333984,122.54745483398438,52.0926399230957,50.27086639404297,213.05845642089844,96.09171295166016
2023-09-19,27.16594886779785,153.54470825195312,261.6258239746094,20.708219528198242,46.15995788574219,123.6514892578125,52.2326774597168,50.36763381958008,213.54689025878906,100.53204345703125
2023-09-20,27.747140884399414,151.48040771484375,255.8455810546875,20.06231117248535,47.497257232666016,123.83549499511719,51.859249114990234,49.44833755493164,218.13824462890625,98.03437042236328
2023-09-21,29.246986389160156,155.6090087890625,261.246826171875,20.42441177368164,47.958396911621094,127.69961547851562,53.16623306274414,51.23854446411133,227.2232666015625,102.54408264160156
2023-09-22,28.87202262878418,154.0362091064453,259.0673522949219,21.177968978881836,46.851661682128906,126.50357055664062,52.74613571166992,52.93198013305664,220.87351989746094,106.91505432128906
2023-09-25,30.20313835144043,157.1999969482422,263.1419372558594,22.665517807006836,47.543373107910156,130.6436767578125,54.23982620239258,53.41581726074219,227.12557983398438,115.17130279541016
2023-09-26,29.69693946838379,154.3000030517578,260.96246337890625,21.863025665283203,47.45114517211914,127.9756088256836,54.379859924316406,51.867530822753906,222.24114990234375,117.73836517333984
2023-09-27,29.584449768066406,154.3000030517578,255.8455810546875,21.726016998291016,46.851661682128906,128.06761169433594,54.19314956665039,52.35136795043945,225.07411193847656,113.5755386352539
2023-09-28,30.034404754638672,153.60000610351562,255.8455810546875,21.83366584777832,47.12834548950195,130.6436767578125,54.47322082519531,51.7707633972168,237.57823181152344,113.78369140625
2023-09-29,31.365516662597656,163.0,260.2991943359375,21.78473472595215,49.111244201660156,134.96780395507812,55.73352813720703,52.88359451293945,236.8944091796875,121.461669921875
2023-10-02,32.3216667175293,174.60000610351562,276.2184753417969,21.911956787109375,49.80295181274414,138.37188720703125,56.993831634521484,53.94804382324219,247.54244995117188,120.16303253173828
2023-10-03,31.777976989746094,175.0,269.58544921875,21.882600784301758,49.15735626220703,141.5,56.29365921020508,54.673797607421875,241.97421264648438,118.4060287475586
2023-10-04,31.34676742553711,169.6999969482422,274.7023620605469,21.344341278076172,47.68171691894531,142.3280029296875,55.08003234863281,52.54490661621094,232.98687744140625,112.90587615966797
2023-10-05,32.05919647216797,170.5,278.8716735839844,21.657508850097656,48.6039924621582,144.26007080078125,55.68684768676758,53.028743743896484,235.9175262451172,115.42678833007812
2023-10-06,31.55299949645996,165.0,293.7486267089844,21.990249633789062,47.58948516845703,145.36410522460938,55.546810150146484,52.25460433959961,232.88919067382812,112.82947540283203
2023-10-09,30.240631103515625,157.10000610351562,296.5914001464844,21.177968978881836,45.92938995361328,143.7080535888672,53.679691314697266,50.65793228149414,221.94808959960938,112.98225402832031
2023-10-10,31.0655460357666,164.0,303.2243957519531,22.058757781982422,47.0361213684082,143.61605834960938,55.033355712890625,51.6256103515625,232.59613037109375,112.75310516357422
2023-10-11,31.234281539916992,160.60000610351562,303.79296875,21.589004516601562,46.94389724731445,140.4879608154297,53.86640930175781,51.23854446411133,224.7810516357422,110.3085708618164
2023-10-12,30.859317779541016,158.60000610351562,303.2243957519531,21.236690521240234,46.11384201049805,139.56793212890625,53.86640930175781,50.416015625,219.89663696289062,112.4475326538086
2023-10-13,29.621946334838867,157.39999389648438,303.2243957519531,20.69843292236328,44.822654724121094,134.59979248046875,53.25959396362305,50.22248458862305,217.06365966796875,111.91279602050781
2023-10-16,29.659442901611328,160.0,302.9401550292969,19.94487190246582,44.582862854003906,133.5877685546875,52.74613571166992,50.12571334838867,217.8451690673828,107.32933044433594
2023-10-17,30.20313835144043,165.0,296.5914001464844,20.600568771362305,45.57891845703125,137.8199005126953,54.1464729309082,51.045005798339844,219.89663696289062,110.3085708618164
2023-10-18,29.34072494506836,160.5,282.37774658203125,19.866580963134766,43.697479248046875,133.21975708007812,52.37270736694336,49.545108795166016,211.49542236328125,107.86406707763672
2023-10-19,28.984512329101562,156.60000610351562,278.49267578125,19.318538665771484,42.64608383178711,134.04779052734375,51.952606201171875,49.10965347290039,208.66246032714844,101.90557098388672
2023-10-20,28.047109603881836,151.6999969482422,269.8697509765625,18.613908767700195,41.15199279785156,127.23959350585938,50.225521087646484,47.93876266479492,202.31271362304688,98.77354431152344
2023-10-23,28.590803146362305,148.60000610351562,275.1761474609375,18.927078247070312,42.42473602294922,130.2756805419922,51.252437591552734,48.43227767944336,208.76014709472656,103.35700988769531
2023-10-24,29.678190231323242,151.0,285.6942138671875,20.45376968383789,45.837162017822266,133.21975708007812,52.466064453125,49.10965347290039,212.96075439453125,104.65565490722656
2023-10-25,27.747140884399414,142.0,268.5431213378906,18.643268585205078,41.96359634399414,125.85955047607422,49.198604583740234,45.88727951049805,198.3074951171875,98.16241455078125
2023-10-26,28.87202262878418,141.8000030517578,263.1419372558594,19.17173957824707,44.02949905395508,131.01170349121094,50.73897933959961,47.51298141479492,209.2485809326172,103.81535339355469
2023-10-27,28.984512329101562,141.89999389648438,262.5733947753906,18.819425582885742,45.302242279052734,127.69961547851562,51.01905059814453,47.93876266479492,212.17922973632812,105.8779067993164
2023-10-30,28.32832908630371,139.5,264.18426513671875,18.790067672729492,44.67509078979492,125.85955047607422,51.579185485839844,47.145267486572266,213.83993530273438,108.01685333251953
2023-10-31,27.615901947021484,135.8000030517578,257.7407531738281,18.52583122253418,43.34701156616211,125.85955047607422,49.94545364379883,45.80986785888672,212.27694702148438,108.39881134033203
2023-11-01,27.803382873535156,136.39999389648438,261.436279296875,18.212665557861328,43.03343963623047,128.43563842773438,50.225521087646484,46.02275848388672,213.05845642089844,110.76692199707031
2023-11-02,28.140850067138672,137.6999969482422,274.3232727050781,18.290956497192383,43.9003791809082,127.5156021118164,51.4858283996582,46.10017395019531,217.8451690673828,112.67670440673828
2023-11-03,28.122100830078125,141.5,271.0068054199219,18.300743103027344,44.435302734375,127.69961547851562,51.952606201171875,47.20332336425781,220.48275756835938,114.2809066772461
2023-11-06,28.64704704284668,142.5,275.74468994140625,18.55518913269043,46.2521858215332,131.9317169189453,53.306270599365234,47.76457977294922,220.97120666503906,117.0309829711914
2023-11-07,28.347078323364258,140.60000610351562,280.7194519042969,18.53561782836914,45.91094207763672,132.48373413085938,54.19314956665039,47.51298141479492,220.7758331298828,113.82256317138672
2023-11-08,27.934619903564453,143.39999389648438,290.43212890625,18.3790340423584,44.95177459716797,131.8397216796875,54.61325454711914,47.222679138183594,223.3157196044922,114.81565856933594
2023-11-09,27.52216339111328,138.60000610351562,289.9583435058594,18.359460830688477,44.582862854003906,131.8397216796875,54.519901275634766,47.28074264526367,224.8787384033203,115.04483032226562
2023-11-10,27.16594886779785,139.39999389648438,278.35052490234375,18.721561431884766,44.084835052490234,129.26364135742188,53.25959396362305,46.87431716918945,223.80418395996094,114.43370056152344
2023-11-13,26.247295379638672,136.0,269.1116638183594,18.202877044677734,42.3509521484375,125.85955047607422,51.71921920776367,46.02275848388672,226.83250427246094,112.29475402832031
2023-11-14,26.772239685058594,139.89999389648438,271.9543762207031,18.67262840270996,42.79365158081055,127.42359924316406,52.045963287353516,46.8936653137207,231.61924743652344,116.26707458496094
2023-11-15,26.809736251831055,138.5,275.0340270996094,18.731348037719727,42.60919189453125,128.52761840820312,53.95976257324219,46.719486236572266,230.15391540527344,115.8851318359375
2023-11-16,28.103351593017578,138.6999969482422,285.6942138671875,18.741134643554688,43.64213943481445,132.39173889160156,54.61325454711914,47.41621780395508,238.65281677246094,117.71852111816406
2023-11-17,28.197093963623047,137.39999389648438,292.09039306640625,18.731348037719727,43.734371185302734,130.8276824951172,54.65993118286133,47.31945037841797,248.372802734375,117.26016998291016
2023-11-20,28.53455924987793,143.1999969482422,288.3000793457031,19.377256393432617,44.85954666137695,131.7477264404297,56.853797912597656,47.996822357177734,248.8612518310547,117.33655548095703
2023-11-21,29.00326156616211,143.6999969482422,296.8282470703125,20.111242294311523,45.228458404541016,133.0357666015625,56.573726654052734,48.8193473815918,262.2934265136719,118.02406311035156
2023-11-22,28.9470157623291,145.8000030517578,293.27484130859375,19.935087203979492,45.59736633300781,132.20773315429688,57.27389907836914,48.529048919677734,255.9436492919922,118.86438751220703
2023-11-23,29.49070930480957,142.1999969482422,293.27484130859375,19.250032424926758,46.34441375732422,129.26364135742188,56.52705001831055,47.60974884033203,254.72256469726562,114.51007843017578
2023-11-24,29.865673065185547,142.1999969482422,299.9078674316406,19.79807472229004,47.63560104370117,130.0916748046875,57.04050827026367,47.76457977294922,253.7456512451172,114.96842956542969
2023-11-27,32.15293502807617,142.89999389648438,303.6982116699219,20.199321746826172,50.49465560913086,131.01170349121094,58.394168853759766,48.38389205932617,254.4783477783203,119.16996002197266
2023-11-28,31.684234619140625,142.5,298.7234191894531,20.091670989990234,50.26408767700195,131.7477264404297,58.11410140991211,48.38389205932617,254.96678161621094,119.16996002197266
2023-11-29,31.79671859741211,139.89999389648438,295.6437683105469,20.169963836669922,50.03351974487305,131.7477264404297,58.20745849609375,49.01288604736328,249.10546875,118.32963562011719
2023-11-30,31.53424835205078,135.89999389648438,291.8534851074219,20.04273796081543,49.849063873291016,130.1836700439453,56.900474548339844,47.667808532714844,245.1979217529297,116.80182647705078
2023-12-01,32.67788314819336,136.60000610351562,289.4845275878906,19.866580963134766,52.062530517578125,130.6436767578125,57.880714416503906,47.33879852294922,254.72256469726562,117.10738372802734
2023-12-04,33.95275115966797,137.39999389648438,291.6166076660156,19.582773208618164,53.39983367919922,131.3797149658203,58.20745849609375,47.377506256103516,255.9436492919922,117.71852111816406
2023-12-05,34.27146911621094,136.5,292.5641784667969,19.572986602783203,53.907081604003906,133.4037628173828,57.83403396606445,46.835609436035156,253.01300048828125,118.25324249267578
2023-12-06,34.21522521972656,133.10000610351562,296.5914001464844,18.985797882080078,55.336612701416016,130.45968627929688,57.27389907836914,45.38409423828125,245.44215393066406,114.51007843017578
2023-12-07,33.634033203125,135.10000610351562,306.5408935546875,19.5240535736084,54.78324890136719,131.19570922851562,58.53420639038086,46.42918014526367,253.7456512451172,118.4060287475586
2023-12-08,32.77162170410156,133.1999969482422,304.8826599121094,19.250032424926758,53.21537780761719,130.45968627929688,57.74067687988281,45.90663528442383,248.1285858154297,116.57264709472656
2023-12-11,32.71537780761719,126.0999984741211,299.6710205078125,18.838998794555664,52.062530517578125,128.06761169433594,56.43369674682617,45.15184783935547,240.60658264160156,113.6697998046875
2023-12-12,34.908905029296875,126.19999694824219,294.22247314453125,18.790067672729492,54.78324890136719,127.5156021118164,56.853797912597656,45.42279815673828,243.24417114257812,112.29475402832031
2023-12-13,34.47769546508789,122.5,286.1680603027344,18.476898193359375,54.32210922241211,125.76754760742188,56.9471549987793,44.4744758605957,235.72215270996094,110.07941436767578
2023-12-14,35.94004440307617,124.5,296.8282470703125,19.17173957824707,57.64230728149414,132.94374084472656,60.07457733154297,45.77116012573242,246.41903686523438,115.8851318359375
2023-12-15,36.652469635009766,128.3000030517578,303.6982116699219,20.502704620361328,57.22727966308594,136.16384887695312,62.45515441894531,46.913021087646484,247.3959197998047,115.503173828125
2023-12-18,36.93369674682617,125.0999984741211,301.3292541503906,20.45376968383789,57.27339172363281,133.0357666015625,61.80166244506836,45.8292236328125,240.0204315185547,111.76001739501953
2023-12-19,36.44624328613281,124.0,289.2476501464844,21.168184280395508,55.889976501464844,132.0237274169922,59.327728271484375,45.88727951049805,239.6296844482422,112.52391815185547
2023-12-20,37.43989181518555,124.5,290.9223937988281,20.590782165527344,57.64230728149414,131.56370544433594,60.12125778198242,45.46150588989258,236.3082733154297,114.35730743408203
2023-12-21,36.652469635009766,129.89999389648438,295.946533203125,21.09967803955078,57.41173553466797,132.94374084472656,61.33488464355469,46.11952590942383,239.3366241455078,116.49624633789062
2023-12-22,36.708717346191406,125.69999694824219,296.185791015625,20.5516357421875,55.6132926940918,129.26364135742188,59.327728271484375,44.88090133666992,227.614013671875,110.61415100097656
2023-12-25,35.65882873535156,125.0,288.0513916015625,19.876365661621094,53.21537780761719,126.04356384277344,56.62040710449219,43.990631103515625,220.97120666503906,106.18347930908203
2023-12-26,35.32136154174805,125.0999984741211,290.6831359863281,19.847009658813477,51.83195877075195,126.50357055664062,57.60064697265625,44.24223327636719,222.4365234375,109.62106323242188
2023-12-27,33.634033203125,124.0,292.8363342285156,20.121028900146484,51.416934967041016,125.12353515625,56.71376419067383,45.32603073120117,217.06365966796875,111.68362426757812
2023-12-28,33.784019470214844,124.19999694824219,294.27178955078125,20.29718589782715,51.924190521240234,129.99966430664062,57.27389907836914,45.190555572509766,223.70648193359375,110.46136474609375
2023-12-29,34.233970642089844,128.5,287.81219482421875,20.06231117248535,53.81485366821289,130.45968627929688,56.43369674682617,44.3390007019043,223.3157196044922,109.23910522460938
2024-01-02,34.25271987915039,128.39999389648438,288.0513916015625,20.67885971069336,54.2759895324707,131.47171020507812,56.667083740234375,44.668006896972656,230.93540954589844,110.00301361083984
2024-01-03,33.12783432006836,126.0999984741211,279.6778259277344,20.218894958496094,52.108642578125,127.60758972167969,55.033355712890625,43.100372314453125,224.7810516357422,107.32933044433594
2024-01-04,34.027740478515625,128.6999969482422,289.4869384765625,20.708219528198242,53.123146057128906,130.5516815185547,55.873558044433594,44.02934265136719,227.90708923339844,109.77384948730469
2024-01-05,34.47769546508789,128.0,294.0325927734375,20.855016708374023,52.93869400024414,130.73570251464844,56.01359176635742,44.319644927978516,233.67068481445312,109.8502426147461
2024-01-08,37.908592224121094,132.0,305.2770690917969,21.20733070373535,57.27339172363281,133.6797637939453,58.06742477416992,46.42918014526367,236.9921112060547,106.94738006591797
2024-01-09,37.34614944458008,128.3000030517578,305.755615234375,20.992029190063477,57.73453140258789,132.48373413085938,58.06742477416992,45.67439651489258,237.28515625,105.49595642089844
2024-01-10,38.189815521240234,130.10000610351562,304.5594177246094,22.039182662963867,58.84126281738281,135.3358154296875,61.614952087402344,46.8936653137207,244.12335205078125,106.71820068359375
2024-01-11,38.54602813720703,129.5,314.1291809082031,21.481353759765625,60.50136184692383,140.94796752929688,63.808815002441406,46.255001068115234,240.99732971191406,106.64183044433594
2024-01-12,40.552066802978516,132.3000030517578,320.5887756347656,21.432418823242188,62.53037643432617,143.06402587890625,64.41563415527344,46.19694519042969,245.1979217529297,106.71820068359375
2024-01-15,40.47707748413086,132.8000030517578,323.9382629394531,21.55964469909668,61.33141326904297,147.48016357421875,65.16248321533203,46.680782318115234,247.3959197998047,107.63490295410156
2024-01-16,39.1834602355957,131.1999969482422,320.5887756347656,21.677082061767578,58.79515075683594,146.83615112304688,64.18224334716797,46.9710807800293,244.0256805419922,109.39189147949219
2024-01-17,39.370941162109375,130.6999969482422,318.9140930175781,21.256261825561523,58.472354888916016,145.36410522460938,65.11579895019531,46.44853591918945,246.6632537841797,108.55159759521484
2024-01-18,38.45228576660156,128.60000610351562,319.3925476074219,20.80608367919922,58.05732727050781,143.9840545654297,65.34918975830078,46.274356842041016,244.95370483398438,106.87097930908203
2024-01-19,38.358543395996094,128.6999969482422,320.5887756347656,20.629926681518555,58.610694885253906,141.5,64.32228088378906,46.44853591918945,244.46527099609375,106.41264343261719
2024-01-22,37.5523796081543,131.5,330.6370849609375,20.571208953857422,57.550079345703125,141.9600067138672,64.13556671142578,46.274356842041016,244.46527099609375,107.86406707763672
2024-01-23,35.77131271362305,133.3000030517578,345.4703369140625,20.718006134033203,55.56718444824219,139.10792541503906,63.29536437988281,45.67439651489258,243.0487823486328,106.94738006591797
2024-01-24,37.871097564697266,133.5,351.9299621582031,20.737579345703125,57.457847595214844,141.13198852539062,64.46231079101562,46.177589416503906,245.1979217529297,108.8571548461914
2024-01-25,37.81485366821289,136.5,348.5805358886719,20.952882766723633,57.22727966308594,142.23602294921875,64.22892761230469,46.33241653442383,246.41903686523438,110.61415100097656
2024-01-26,37.796104431152344,139.3000030517578,354.3224182128906,21.18775749206543,58.24178695678711,147.20416259765625,66.6094970703125,47.53233337402344,253.9898681640625,112.75310516357422
2024-01-29,37.17741775512695,141.60000610351562,355.9971618652344,21.393274307250977,58.472354888916016,149.32022094726562,68.75668334960938,48.26777267456055,267.6662902832031,116.34347534179688
2024-01-30,37.17741775512695,140.5,354.08319091796875,21.20733070373535,58.65680694580078,150.1482391357422,68.71000671386719,47.82263946533203,265.7124938964844,114.81565856933594
2024-01-31,37.0649299621582,141.60000610351562,364.60992431640625,21.109466552734375,58.56458282470703,147.84817504882812,67.77644348144531,47.70651626586914,266.4451599121094,114.58647918701172
2024-02-01,37.571128845214844,146.0,357.9111022949219,21.393274307250977,59.717430114746094,156.31240844726562,68.52330017089844,48.916114807128906,268.15472412109375,118.1768569946289
2024-02-02,36.80245590209961,146.8000030517578,352.408447265625,21.266048431396484,58.933494567871094,156.8644256591797,72.25753784179688,48.364540100097656,274.9928894042969,118.63520050048828
2024-02-05,37.70236587524414,145.3000030517578,360.06427001953125,21.295408248901367,59.901878356933594,155.66839599609375,71.4640121459961,48.38389205932617,282.5637512207031,118.48241424560547
2024-02-06,38.47103500366211,148.8000030517578,362.2174377441406,21.628150939941406,59.99411392211914,156.95643615722656,72.21085357666016,48.48065948486328,284.2733154296875,118.02406311035156
2024-02-07,37.908592224121094,156.5,357.9111022949219,22.029396057128906,59.025718688964844,154.7483673095703,75.24491882324219,48.62581253051758,279.3888854980469,117.87130737304688
2024-02-08,37.85234832763672,158.89999389648438,369.6341247558594,22.254486083984375,59.302406311035156,156.4964141845703,74.96485900878906,50.51278305053711,280.12152099609375,120.54498291015625
2024-02-09,37.7398567199707,160.6999969482422,379.44317626953125,22.685091018676758,59.44074249267578,158.88848876953125,76.55191040039062,50.174095153808594,287.9366149902344,120.46859741210938
2024-02-12,38.58352279663086,160.60000610351562,375.8544616699219,22.70466423034668,60.731929779052734,158.79647827148438,75.71170806884766,50.60955047607422,283.5406494140625,124.36453247070312
2024-02-13,37.983585357666016,156.60000610351562,363.65301513671875,22.56765365600586,59.62519836425781,156.03640747070312,73.70455169677734,49.35157012939453,274.7486572265625,122.6839370727539
2024-02-14,38.433536529541016,158.5,364.60992431640625,22.802528381347656,59.07183837890625,157.78445434570312,74.49808502197266,50.754703521728516,275.96978759765625,125.73957061767578
2024-02-15,39.239707946777344,159.5,382.0748596191406,23.037405014038086,60.50136184692383,159.16448974609375,75.71170806884766,51.19015884399414,277.4350891113281,127.87850189208984
2024-02-16,38.88349151611328,156.39999389648438,373.4620056152344,24.035625457763672,60.77804946899414,157.41644287109375,74.59143829345703,51.33530807495117,275.96978759765625,127.57294464111328
2024-02-19,38.939735412597656,155.0,373.2227783203125,23.644166946411133,61.515865325927734,159.53250122070312,73.00437927246094,50.851470947265625,272.0622253417969,132.1564178466797
2024-02-20,40.40208435058594,160.10000610351562,378.4861755371094,24.280288696289062,62.71482467651367,162.47659301757812,74.6847915649414,51.867530822753906,274.7486572265625,130.85777282714844
2024-02-21,40.77704620361328,160.6999969482422,384.9458312988281,23.800750732421875,63.083740234375,160.0845184326172,75.3382797241211,50.89985656738281,272.794921875,126.19792175292969
2024-02-22,39.689659118652344,160.1999969482422,377.7684326171875,23.57566261291504,60.82415771484375,161.37254333496094,75.431640625,50.706321716308594,278.4120178222656,125.28121948242188
2024-02-23,40.21460723876953,160.3000030517578,378.0077209472656,22.75359535217285,61.19306945800781,160.63653564453125,76.59859466552734,50.65793228149414,279.8773193359375,125.35762023925781
2024-02-26,39.05222702026367,159.5,378.0077209472656,22.30341911315918,59.947998046875,160.91253662109375,76.45854949951172,49.883792877197266,278.90045166015625,122.6839370727539
2024-02-27,38.99597930908203,161.0,368.4378356933594,22.97868537902832,58.56458282470703,160.54454040527344,76.55191040039062,49.0612678527832,273.77178955078125,122.37835693359375
2024-02-28,37.927337646484375,160.0,364.3706970214844,22.949325561523438,57.68841552734375,156.95643615722656,74.49808502197266,48.916114807128906,269.6200256347656,123.37144470214844
2024-02-29,38.97723388671875,169.0,371.54803466796875,22.274059295654297,58.1956672668457,154.7483673095703,74.21800994873047,49.49672317504883,275.2370910644531,123.6006088256836
2024-03-01,37.77735900878906,166.0,364.60992431640625,22.47957420349121,57.042823791503906,152.35630798339844,72.58428192138672,48.72257614135742,271.32958984375,125.8923568725586
2024-03-04,36.57748031616211,158.5,356.9540710449219,22.518720626831055,55.56718444824219,151.34426879882812,71.79075622558594,49.15803527832031,264.2471618652344,123.2950439453125
2024-03-05,36.91494369506836,159.1999969482422,355.9971618652344,22.215341567993164,55.152156829833984,151.98828125,71.65072631835938,47.31945037841797,259.1185302734375,126.12152099609375
2024-03-06,36.27751159667969,154.8000030517578,356.23638916015625,21.667295455932617,54.41433334350586,153.92034912109375,71.4640121459961,46.351768493652344,254.96678161621094,129.1007843017578
2024-03-07,38.39604187011719,159.0,368.4378356933594,22.34256362915039,57.27339172363281,160.82054138183594,73.75122833251953,47.41621780395508,266.4451599121094,130.70498657226562
2024-03-08,39.2209587097168,156.0,371.7873229980469,22.46000099182129,58.56458282470703,160.63653564453125,73.51783752441406,47.454925537109375,272.794921875,130.0174560546875
2024-03-11,40.12086486816406,156.89999389648438,373.9405212402344,22.401281356811523,58.10344314575195,165.60467529296875,75.01153564453125,47.41621780395508,274.2602233886719,127.80213165283203
2024-03-12,41.039520263671875,154.8000030517578,381.59637451171875,22.156620025634766,59.256290435791016,165.69668579101562,74.49808502197266,46.52595138549805,269.131591796875,126.6562728881836
2024-03-13,39.1834602355957,152.60000610351562,369.6341247558594,21.755373001098633,58.33401107788086,162.93661499023438,72.91102600097656,45.71310043334961,265.7124938964844,124.67008209228516
2024-03-14,38.021080017089844,152.6999969482422,372.26580810546875,21.6966552734375,56.85837173461914,163.85662841796875,72.91102600097656,46.23564910888672,265.4682922363281,126.35069274902344
2024-03-15,37.23366165161133,149.39999389648438,362.2174377441406,21.726016998291016,56.166664123535156,164.40863037109375,72.1641845703125,45.964698791503906,264.0029296875,124.51730346679688
2024-03-18,37.62737274169922,148.0,362.4567565917969,21.56943130493164,56.58168411254883,161.18853759765625,70.06366729736328,45.36473846435547,262.2934265136719,126.19792175292969
2024-03-19,39.6709098815918,152.5,369.8734130859375,21.657508850097656,58.84126281738281,165.97268676757812,71.4640121459961,45.7905158996582,271.8180236816406,132.69113159179688
2024-03-20,39.97087860107422,149.0,366.0454406738281,21.422632217407227,59.210174560546875,172.22885131835938,72.0708236694336,45.55827713012695,271.8180236816406,131.23971557617188
2024-03-21,42.22064971923828,150.6999969482422,367.48095703125,21.45199203491211,62.6687126159668,180.69309997558594,74.91818237304688,45.55827713012695,278.90045166015625,132.92031860351562
2024-03-22,42.951820373535156,145.3000030517578,354.5616149902344,21.18775749206543,63.4526481628418,179.22105407714844,73.89126586914062,46.21629333496094,284.51751708984375,131.3925018310547
2024-03-25,43.12055206298828,145.0,340.6853942871094,21.021387100219727,63.59098434448242,180.96910095214844,75.19824981689453,45.53892135620117,279.1446533203125,129.8646697998047
2024-03-26,43.313743591308594,145.3000030517578,331.59405517578125,20.610353469848633,63.36042022705078,178.66905212402344,71.97747039794922,44.08740234375,278.6562194824219,129.4063262939453
2024-03-27,43.431129455566406,147.0,334.46502685546875,20.463558197021484,63.36042022705078,175.72496032714844,73.3778076171875,43.564857482910156,276.2140197753906,129.635498046875
2024-03-28,45.759193420410156,149.0,336.37896728515625,20.610353469848633,65.94279479980469,187.13328552246094,77.3921127319336,44.009986877441406,290.86724853515625,135.13565063476562
2024-03-29,45.759193420410156,148.0,345.4703369140625,20.708219528198242,66.05754852294922,183.2691650390625,77.01869201660156,44.745426177978516,290.86724853515625,135.21205139160156
2024-04-01,46.756935119628906,147.39999389648438,346.9057922363281,20.209108352661133,67.31119537353516,192.4694366455078,78.88581085205078,44.93895721435547,296.72857666015625,136.35789489746094
2024-04-02,48.22420120239258,152.0,349.05902099609375,19.03472900390625,67.60049438476562,192.65342712402344,79.72601318359375,43.52614974975586,290.1346130371094,134.2953643798828
2024-04-03,48.16551208496094,151.0,354.8009033203125,18.731348037719727,67.11832427978516,187.77731323242188,76.1318130493164,43.15843200683594,293.06524658203125,132.1682586669922
2024-04-04,51.25655746459961,157.6999969482422,363.65301513671875,19.28917694091797,69.770263671875,192.4694366455078,80.28614807128906,44.93895721435547,283.29638671875,137.93234252929688
2024-04-05,54.435638427734375,165.5,387.5775146484375,20.248254776000977,71.65074157714844,204.7977752685547,83.5536117553711,47.145267486572266,300.1476745605469,145.888427734375
2024-04-08,54.288909912109375,167.0,384.9458312988281,20.522275924682617,71.50608825683594,198.817626953125,82.15326690673828,47.358154296875,302.8341064453125,148.64871215820312
2024-04-09,54.288909912109375,167.0,384.9458312988281,20.522275924682617,71.50608825683594,198.817626953125,82.15326690673828,47.358154296875,302.8341064453125,148.64871215820312
2024-04-15,57.12562942504883,161.89999389648438,375.8544616699219,20.218894958496094,71.9400405883789,199.09361267089844,79.49263000488281,46.11952590942383,291.5999450683594,148.56752014160156
2024-04-16,54.63127136230469,162.0,375.1367492675781,20.07029914855957,68.0826644897461,199.73764038085938,78.18563842773438,45.732452392578125,290.1346130371094,151.00306701660156
2024-04-17,54.826908111572266,164.39999389648438,371.0696105957031,19.87217140197754,71.16857147216797,199.5536346435547,77.95225524902344,45.190555572509766,288.425048828125,151.40896606445312
2024-04-18,57.27235412597656,161.5,351.9299621582031,20.03067398071289,71.36143493652344,197.25355529785156,79.81936645507812,45.15184783935547,289.4019470214844,150.92184448242188
2024-04-19,61.13616180419922,162.6999969482422,355.5186462402344,20.417022705078125,75.89384460449219,202.31370544433594,82.43334197998047,45.67439651489258,295.5074768066406,154.1692352294922
2024-04-22,58.54398727416992,161.0,354.08319091796875,20.595338821411133,73.72407531738281,198.72560119628906,80.0060806274414,46.52595138549805,295.7516784667969,153.03265380859375
2024-04-24,58.98416519165039,162.10000610351562,352.1691589355469,20.654775619506836,76.85819244384766,202.54725646972656,82.33998107910156,47.24203109741211,302.5898742675781,152.46437072753906
2024-04-25,56.19635772705078,168.8000030517578,356.7148742675781,20.605243682861328,76.27958679199219,203.88482666015625,83.13351440429688,47.125911712646484,306.00897216796875,153.92568969726562
2024-04-26,57.761444091796875,168.1999969482422,369.8734130859375,21.19962501525879,77.9671859741211,207.32431030273438,85.23401641845703,48.8193473815918,309.6722717285156,155.95530700683594
2024-04-29,59.03307342529297,164.6999969482422,371.0696105957031,21.734569549560547,79.02796173095703,214.9676055908203,87.19449615478516,49.69025802612305,318.4642639160156,159.12149047851562
2024-04-30,58.15271759033203,173.0,370.351806640625,21.32840919494629,79.51013946533203,216.0185546875,86.1675796508789,48.770965576171875,318.4642639160156,158.95913696289062
2024-05-02,56.88108444213867,176.60000610351562,386.38128662109375,22.101104736328125,80.61913299560547,224.52171325683594,89.39125061035156,50.12571334838867,317.7315673828125,165.6162567138672
2024-05-03,58.739620208740234,173.5,399.3005676269531,21.88316535949707,81.9209976196289,222.3242645263672,90.01805114746094,49.738643646240234,317.4873352050781,163.4242706298828
2024-05-06,58.93525695800781,179.1999969482422,399.5397644042969,21.774194717407227,81.29418182373047,223.94845581054688,90.40377807617188,49.545108795166016,318.4642639160156,162.7747802734375
2024-05-07,60.25579833984375,183.89999389648438,400.9752197265625,22.51717185974121,83.75325012207031,225.4771270751953,91.85023498535156,50.46440124511719,322.37176513671875,160.98873901367188
2024-05-08,58.690711975097656,180.6999969482422,401.9322204589844,22.398296356201172,82.93356323242188,222.80197143554688,92.187744140625,49.78702926635742,320.17376708984375,156.44241333007812
2024-05-09,58.10380935668945,183.0,406.7171325683594,22.536985397338867,86.06768035888672,225.094970703125,92.91097259521484,50.31924819946289,317.7315673828125,153.519775390625
2024-05-10,56.538719177246094,182.10000610351562,406.4779357910156,23.200712203979492,83.41573333740234,226.6236114501953,93.24848175048828,51.23854446411133,310.649169921875,151.97726440429688
2024-05-13,54.77799987792969,182.6999969482422,407.6741638183594,22.943145751953125,83.12642669677734,226.7191619873047,91.51273345947266,50.65793228149414,306.98583984375,150.02883911132812
2024-05-14,56.24526596069336,185.60000610351562,436.1443176269531,23.04220962524414,86.79093170166016,235.50894165039062,95.17709350585938,51.14177322387695,303.07830810546875,149.05462646484375
2024-05-15,55.951812744140625,185.0,449.0635681152344,22.249698638916016,84.71759796142578,229.77647399902344,95.56282043457031,49.980560302734375,298.4381103515625,147.34974670410156
2024-05-16,57.8592643737793,187.8000030517578,446.6711120605469,22.586515426635742,85.63372802734375,228.15228271484375,95.75568389892578,50.5611686706543,299.9034423828125,146.7814483642578
2024-05-17,61.52743148803711,188.39999389648438,465.81072998046875,23.21061897277832,90.79296112060547,233.88475036621094,98.64860534667969,51.528846740722656,316.02203369140625,153.519775390625
2024-05-20,63.0925178527832,190.1999969482422,466.2891845703125,23.755468368530273,92.43234252929688,234.8401641845703,99.32361602783203,52.157840728759766,316.02203369140625,155.79290771484375
2024-05-21,65.88032531738281,191.10000610351562,466.2891845703125,23.745561599731445,97.68801879882812,251.9897918701172,102.60226440429688,53.22228240966797,315.0451354980469,157.90371704101562
2024-05-22,64.80432891845703,195.0,464.13604736328125,23.93378257751465,97.10941314697266,250.0789794921875,100.09506225585938,53.46419906616211,314.0682678222656,158.2284698486328
2024-05-23,65.09778594970703,190.39999389648438,463.6575012207031,24.032846450805664,96.43437194824219,244.10765075683594,99.9021987915039,52.64167785644531,310.1607360839844,156.11769104003906
2024-05-24,65.04887390136719,187.1999969482422,447.3888244628906,24.4786319732666,95.71111297607422,237.13314819335938,98.35930633544922,51.819149017333984,310.8934020996094,154.49398803710938
2024-05-27,66.51614379882812,185.89999389648438,456.4801940917969,24.359756469726562,95.08428955078125,238.75733947753906,98.55216979980469,52.44813919067383,307.7185363769531,153.68214416503906
2024-05-28,68.27686309814453,187.0,461.0258483886719,24.4786319732666,96.62723541259766,238.66180419921875,97.4914321899414,52.496524810791016,304.7878723144531,152.22080993652344
2024-05-29,64.55978393554688,184.0,456.4801940917969,24.06256675720215,96.14506530761719,239.56944274902344,96.28604888916016,51.38369369506836,298.9265441894531,150.84068298339844
2024-05-30,64.26632690429688,181.8000030517578,454.32696533203125,24.24087905883789,98.94166564941406,237.89747619628906,95.85211181640625,51.480464935302734,298.9265441894531,148.486328125
2024-05-31,64.95105743408203,181.0,459.35113525390625,23.745561599731445,103.95625305175781,227.5790252685547,94.21278381347656,48.712501525878906,295.7516784667969,143.452880859375
2024-06-03,65.34233093261719,176.3000030517578,475.3805847167969,24.56778907775879,104.72772979736328,221.8465576171875,97.00927734375,48.025856018066406,304.7878723144531,141.1797332763672
2024-06-04,62.11433792114258,176.5,470.83489990234375,24.349849700927734,100.5810546875,216.87841796875,94.21278381347656,47.31959533691406,298.9265441894531,136.876953125
2024-06-05,60.98943328857422,173.89999389648438,482.3186950683594,24.112096786499023,100.87035369873047,213.2478485107422,92.33238983154297,47.45692443847656,305.0321044921875,135.5780029296875
2024-06-06,59.81562042236328,173.89999389648438,478.96923828125,24.042753219604492,99.03810119628906,207.32431030273438,91.36808013916016,47.47654342651367,298.4381103515625,132.81773376464844
2024-06-07,58.00598907470703,166.89999389648438,472.2703552246094,23.745561599731445,96.38615417480469,203.50265502929688,89.63233184814453,47.280357360839844,295.5074768066406,133.061279296875
2024-06-10,58.15271759033203,166.39999389648438,465.0929870605469,23.00258445739746,94.93963623046875,200.06317138671875,86.45011901855469,46.377906799316406,292.821044921875,131.76234436035156
2024-06-11,59.277618408203125,167.5,477.0552673339844,22.89361572265625,99.03810119628906,205.509033203125,87.12512969970703,46.14249038696289,295.5074768066406,130.62574768066406
2024-06-12,60.842708587646484,168.1999969482422,467.4854736328125,23.67621612548828,99.32740020751953,207.1332244873047,89.72876739501953,46.515235900878906,297.9496765136719,133.14247131347656
2024-06-13,60.157981872558594,173.5,503.37225341796875,24.4786319732666,99.32740020751953,212.0058135986328,91.7055892944336,47.1822624206543,302.3456726074219,134.84735107421875
2024-06-14,59.76670837402344,175.10000610351562,529.2108154296875,25.558425903320312,101.15966033935547,207.80201721191406,90.50020599365234,47.43730545043945,304.54364013671875,135.5780029296875
2024-06-20,62.40779113769531,175.0,545.0009155273438,26.67289161682129,106.84928894042969,214.01219177246094,92.57347106933594,48.39860534667969,308.6954040527344,139.71841430664062
2024-06-21,64.55978393554688,173.60000610351562,549.307373046875,26.02897834777832,107.81362915039062,212.1013641357422,91.89845275878906,47.888526916503906,308.6954040527344,138.66302490234375
2024-06-24,65.6846923828125,170.0,536.38818359375,26.400466918945312,110.0316162109375,213.2478485107422,89.72876739501953,47.71195983886719,303.07830810546875,139.31248474121094
2024-06-25,63.77724075317383,173.6999969482422,545.9579467773438,26.004213333129883,109.06727600097656,208.85296630859375,87.8965835571289,46.88798904418945,298.6823425292969,137.93234252929688
2024-06-26,63.3859748840332,175.0,535.43115234375,25.781320571899414,108.97084045410156,207.32431030273438,87.12512969970703,46.80951690673828,294.0421447753906,134.279052734375
2024-06-27,65.3912353515625,180.0,535.43115234375,26.251873016357422,112.53890991210938,214.48989868164062,88.71623992919922,47.633487701416016,298.6823425292969,136.95814514160156
2024-06-28,62.652339935302734,174.39999389648438,521.554931640625,26.375701904296875,108.3922348022461,216.68734741210938,93.05561828613281,49.2421989440918,301.61297607421875,134.3602294921875
2024-07-01,60.59816360473633,165.39999389648438,530.167724609375,25.63272476196289,106.75284576416016,212.67462158203125,89.00553131103516,47.339210510253906,288.91351318359375,132.98011779785156
2024-07-02,61.33179473876953,165.0,530.6461791992188,25.409832000732422,108.97084045410156,210.5727081298828,90.64485168457031,47.55501174926758,290.86724853515625,131.843505859375
2024-07-03,64.80432891845703,169.39999389648438,526.33984375,27.192977905273438,114.56404113769531,218.2159881591797,96.5271224975586,48.98715591430664,296.2401123046875,136.63340759277344
2024-07-04,65.78250885009766,175.0,522.033447265625,27.217744827270508,114.75690460205078,224.52171325683594,98.55216979980469,50.32120895385742,303.81097412109375,141.3420867919922
2024-07-05,65.29341888427734,173.89999389648438,529.6892700195312,27.242509841918945,118.03567504882812,219.26695251464844,99.32361602783203,50.615482330322266,300.8803405761719,140.77381896972656
2024-07-08,66.22268676757812,169.39999389648438,534.4741821289062,27.093914031982422,119.38575744628906,217.0695037841797,99.0343246459961,49.38933181762695,298.9265441894531,139.3936767578125
2024-07-09,63.19033432006836,166.5,530.167724609375,27.044382095336914,118.3249740600586,216.68734741210938,98.26287841796875,48.81058883666992,303.5667419433594,137.03933715820312
2024-07-10,62.60342788696289,165.5,519.6409912109375,27.242509841918945,118.9035873413086,214.68096923828125,97.39500427246094,48.53593444824219,297.7054443359375,136.3898468017578
2024-07-11,65.2445068359375,169.8000030517578,545.4794311523438,27.316808700561523,127.6791000366211,220.60452270507812,102.60226440429688,49.53647232055664,302.8341064453125,138.50064086914062
2024-07-12,65.2445068359375,170.60000610351562,553.6138305664062,27.3663387298584,127.77554321289062,219.74465942382812,104.3380126953125,49.04601287841797,300.1476745605469,136.714599609375
2024-07-16,66.80960083007812,172.3000030517578,560.3126831054688,28.18361473083496,128.16127014160156,219.64910888671875,104.14514923095703,49.04601287841797,300.3918762207031,135.17208862304688
2024-07-17,66.36941528320312,171.39999389648438,572.3159790039062,28.084550857543945,127.77554321289062,217.54721069335938,103.27727508544922,49.68361282348633,302.1014404296875,135.0097198486328
2024-07-18,66.71177673339844,169.39999389648438,585.7597045898438,27.688297271728516,125.36468505859375,215.5408477783203,102.69869232177734,49.2421989440918,309.183837890625,134.92852783203125
2024-07-19,67.2497787475586,166.0,590.080810546875,28.505571365356445,126.52189636230469,215.15867614746094,102.69869232177734,48.6928825378418,308.20697021484375,133.95431518554688
2024-07-22,67.78778076171875,178.0,591.0410766601562,29.421911239624023,124.30390167236328,218.78924560546875,105.68804168701172,48.33974838256836,302.5898742675781,132.4929962158203
2024-07-23,67.78778076171875,180.1999969482422,590.5609130859375,28.901824951171875,121.02513885498047,219.74465942382812,105.78446960449219,47.967002868652344,298.9265441894531,133.5483856201172
2024-07-24,66.02705383300781,178.0,599.6834106445312,28.555103302001953,122.2787857055664,214.48989868164062,103.27727508544922,47.751197814941406,297.9496765136719,132.33062744140625
2024-07-25,64.1196060180664,175.8000030517578,588.640380859375,28.059785842895508,120.35009765625,209.23512268066406,102.3129653930664,47.31959533691406,293.3094787597656,130.9504852294922
2024-07-26,64.21742248535156,190.8000030517578,588.1602172851562,27.861658096313477,120.35009765625,212.1013641357422,101.92723846435547,47.29997634887695,294.53057861328125,132.6553497314453
2024-07-29,63.2392463684082,183.0,575.19677734375,27.53969955444336,121.7001724243164,208.08863830566406,99.99862670898438,46.162109375,287.2039489746094,131.92471313476562
2024-07-30,61.38070297241211,178.0,591.0410766601562,27.688297271728516,114.37116241455078,208.18417358398438,96.62355041503906,46.27981948852539,286.71551513671875,131.19406127929688
2024-07-31,60.54925537109375,168.0,600.6436767578125,27.76259422302246,119.38575744628906,205.509033203125,95.80389404296875,46.14249038696289,282.5637512207031,132.57418823242188
2024-08-01,61.820884704589844,167.39999389648438,587.6801147460938,28.356975555419922,124.01461029052734,208.75743103027344,96.38247680664062,46.88798904418945,290.623046875,133.38601684570312
2024-08-02,58.886348724365234,160.6999969482422,564.6339111328125,27.267274856567383,119.771484375,199.48992919921875,91.7538070678711,45.59317398071289,284.7617492675781,129.16444396972656
2024-08-05,55.658363342285156,151.39999389648438,535.345947265625,24.815448760986328,115.62481689453125,187.35621643066406,88.13765716552734,42.57194137573242,270.596923828125,124.78048706054688
2024-08-06,54.435638427734375,151.6999969482422,542.5477905273438,24.468727111816406,113.11752319335938,184.01226806640625,87.07691955566406,42.00300598144531,273.0391540527344,128.27142333984375
2024-08-07,54.48454666137695,157.5,535.8260498046875,24.964046478271484,111.8638687133789,185.636474609375,89.3430404663086,42.92506790161133,291.1114807128906,132.24945068359375
2024-08-08,54.63127136230469,159.6999969482422,523.82275390625,25.85561752319336,110.0316162109375,187.2606658935547,91.31986236572266,43.51362228393555,295.0190124511719,133.95431518554688
2024-08-09,51.7945556640625,153.10000610351562,542.0676879882812,25.063108444213867,106.65641784667969,177.6110076904297,86.9322738647461,42.57194137573242,294.7748107910156,132.57418823242188
2024-08-12,53.01728057861328,147.39999389648438,540.1471557617188,24.429101943969727,108.7779769897461,177.8976287841797,86.98048400878906,41.963768005371094,293.3094787597656,131.35641479492188
2024-08-13,54.53345489501953,149.1999969482422,547.8292846679688,24.468727111816406,112.0567398071289,177.99317932128906,88.42694091796875,42.179569244384766,290.86724853515625,131.68115234375
2024-08-14,54.973636627197266,147.0,545.4286499023438,24.389476776123047,108.97084045410156,174.36260986328125,88.08943939208984,41.55178451538086,285.0059509277344,129.083251953125
2024-08-15,57.076717376708984,153.39999389648438,549.2696533203125,24.69657325744629,109.93518829345703,177.419921875,90.83771514892578,42.72888946533203,281.8310852050781,132.00588989257812
2024-08-16,55.60945129394531,151.0,533.9054565429688,24.082378387451172,105.11346435546875,173.3116455078125,87.84835815429688,42.04224395751953,286.71551513671875,131.27523803710938
2024-08-19,58.93525695800781,153.60000610351562,550.7100830078125,24.40928840637207,107.71719360351562,176.9422149658203,89.72876739501953,42.82697677612305,290.1346130371094,134.11669921875
2024-08-20,58.5928955078125,153.10000610351562,539.6670532226562,24.270599365234375,108.00650024414062,177.3243865966797,89.2948226928711,42.82697677612305,292.821044921875,133.14247131347656
2024-08-21,57.8592643737793,150.5,533.9054565429688,24.230972290039062,108.3922348022461,182.48361206054688,87.8965835571289,42.27766036987305,290.86724853515625,133.8731231689453
2024-08-22,58.25053405761719,148.8000030517578,539.6670532226562,24.468727111816406,109.93518829345703,184.39442443847656,88.33051300048828,42.3953742980957,287.6923828125,132.81773376464844
2024-08-23,56.83217239379883,142.5,524.3028564453125,23.89415740966797,105.11346435546875,176.9422149658203,84.18399810791016,41.49292755126953,288.1808166503906,130.7069549560547
2024-08-26,57.223445892333984,139.89999389648438,518.0611572265625,23.180898666381836,104.92060089111328,173.98045349121094,84.810791015625,41.139793395996094,282.0753173828125,130.7069549560547
2024-08-27,57.81035232543945,141.0,531.9849243164062,23.478090286254883,108.00650024414062,177.2288360595703,84.5215072631836,42.27766036987305,290.86724853515625,133.7107696533203
2024-08-28,57.41908264160156,143.89999389648438,531.5048217773438,23.557340621948242,106.84928894042969,177.80209350585938,82.8821792602539,42.454227447509766,295.26324462890625,134.279052734375
2024-08-29,57.027809143066406,144.10000610351562,518.541259765625,23.943689346313477,108.29580688476562,177.99317932128906,84.8590087890625,42.591556549072266,293.5536804199219,136.876953125
2024-09-02,60.109073638916016,146.6999969482422,540.1471557617188,24.4191951751709,111.28527069091797,184.10780334472656,88.90909576416016,42.72888946533203,301.3687744140625,138.50064086914062
2024-09-03,59.6199836730957,147.8000030517578,539.1869506835938,24.00312614440918,109.64588165283203,185.82754516601562,89.68054962158203,42.00300598144531,295.7516784667969,135.65919494628906
2024-09-04,59.76670837402344,143.10000610351562,535.345947265625,23.60687255859375,110.0316162109375,183.43902587890625,90.88593292236328,41.49292755126953,294.0421447753906,133.95431518554688
2024-09-05,59.277618408203125,145.1999969482422,525.7432861328125,23.795093536376953,109.45301055908203,179.80845642089844,90.2591323852539,41.39483642578125,289.890380859375,131.843505859375
2024-09-06,58.34835433959961,142.10000610351562,525.7432861328125,23.418651580810547,108.1029281616211,178.1842498779297,90.45199584960938,41.19865036010742,287.44818115234375,131.51878356933594
2024-09-09,56.78326416015625,138.0,526.7035522460938,23.141273498535156,104.14912414550781,170.73204040527344,89.68054962158203,40.41391372680664,282.31951904296875,130.9504852294922
2024-09-10,55.21818161010742,138.10000610351562,537.7464599609375,23.04220962524414,102.79904174804688,169.39447021484375,89.96984100341797,39.92345428466797,277.4350891113281,129.97628784179688
2024-09-11,54.0932731628418,133.89999389648438,540.1471557617188,23.478090286254883,102.41329956054688,164.61741638183594,85.43759155273438,38.86405944824219,273.527587890625,126.48535919189453
2024-09-12,55.560543060302734,138.3000030517578,535.345947265625,23.180898666381836,105.78850555419922,166.050537109375,87.3662109375,39.76650619506836,279.6330871582031,127.21600341796875
2024-09-13,55.364906311035156,141.8000030517578,544.948486328125,23.497901916503906,107.04215240478516,167.3881072998047,87.84835815429688,40.70819091796875,285.494384765625,132.00588989257812
2024-09-16,54.973636627197266,138.0,545.4286499023438,23.587059020996094,107.62075805664062,164.33078002929688,87.7519302368164,40.04116439819336,279.6330871582031,132.6553497314453
2024-09-17,56.58762741088867,141.1999969482422,573.75634765625,23.92387580871582,108.97084045410156,170.06326293945312,90.2591323852539,40.68857192993164,283.78485107421875,134.03550720214844
2024-09-18,57.27235412597656,141.1999969482422,591.0410766601562,23.89415740966797,110.1280517578125,170.63650512695312,92.76632690429688,40.39429473876953,284.7617492675781,133.6295928955078
2024-09-19,60.011253356933594,144.89999389648438,585.2794799804688,24.4786319732666,112.3460464477539,177.6110076904297,95.85211181640625,41.10055923461914,294.0421447753906,137.2017059326172
2024-09-20,58.837440490722656,145.5,547.34912109375,24.61732292175293,114.94976806640625,177.419921875,96.43069458007812,41.39483642578125,292.5768127441406,134.6849822998047
2024-09-23,59.91343688964844,145.8000030517578,561.7531127929688,24.439006805419922,116.29985046386719,176.8466796875,95.46638488769531,41.2967414855957,289.15771484375,136.7957763671875
2024-09-24,62.45669937133789,147.3000030517578,557.431884765625,25.335535049438477,121.50730895996094,182.1014404296875,97.39500427246094,41.8460578918457,289.4019470214844,138.74420166015625
2024-09-25,62.505611419677734,145.8000030517578,538.2266845703125,25.45936393737793,122.3752212524414,178.94859313964844,96.23783874511719,41.23788833618164,284.51751708984375,137.2017059326172
2024-09-26,61.72306442260742,146.1999969482422,517.1008911132812,25.360300064086914,119.38575744628906,178.1842498779297,96.18962097167969,40.90437698364258,284.51751708984375,138.01353454589844
2024-09-27,62.163246154785156,147.89999389648438,478.2102966308594,26.05374526977539,118.6142807006836,178.85304260253906,97.39500427246094,41.86567687988281,285.494384765625,138.48236083984375
2024-09-30,60.25579833984375,144.3000030517578,476.52984619140625,26.49953269958496,118.03567504882812,179.80845642089844,93.87528228759766,42.27766036987305,278.4120178222656,135.5136260986328
2024-10-01,56.39199447631836,138.8000030517578,464.2864990234375,26.1032772064209,117.36062622070312,175.50909423828125,91.36808013916016,40.33544158935547,271.32958984375,135.5136260986328
2024-10-02,51.69673538208008,136.3000030517578,451.21484375,25.335535049438477,111.47813415527344,166.910400390625,85.48580932617188,39.099483489990234,265.22406005859375,134.02926635742188
2024-10-03,50.42510223388672,138.6999969482422,462.3499755859375,24.76591682434082,108.00650024414062,163.85308837890625,83.99113464355469,38.373600006103516,262.5376281738281,131.4097900390625
2024-10-04,53.16400146484375,139.5,465.7389221191406,24.8402156829834,111.38169860839844,168.43905639648438,87.46263885498047,39.00138854980469,267.42205810546875,134.90240478515625
2024-10-07,54.435638427734375,141.3000030517578,447.8258972167969,24.597509384155273,109.74231719970703,169.49000549316406,86.64297485351562,38.49131393432617,264.2471618652344,132.7195281982422
2024-10-08,54.826908111572266,143.8000030517578,468.15960693359375,23.596965789794922,111.18883514404297,171.1142120361328,87.84835815429688,38.412837982177734,264.49139404296875,134.2039031982422
2024-10-09,55.951812744140625,144.39999389648438,469.61199951171875,23.557340621948242,115.81768035888672,174.64923095703125,90.74127960205078,38.72673034667969,264.0029296875,133.59268188476562
2024-10-10,54.53345489501953,141.5,449.5203552246094,23.52762222290039,113.40682220458984,171.20974731445312,87.07691955566406,37.863521575927734,260.3396301269531,130.9732208251953
2024-10-11,54.33781814575195,140.10000610351562,451.21484375,24.230972290039062,115.14263916015625,167.29257202148438,85.14830780029297,37.059165954589844,258.6300964355469,129.4015350341797
2024-10-14,52.72382736206055,136.3000030517578,453.3934326171875,23.913969039916992,112.3460464477539,164.71295166015625,84.23220825195312,36.94145584106445,251.79190063476562,127.04402160644531
2024-10-15,53.16400146484375,140.3000030517578,452.9092712402344,23.993221282958984,113.31038665771484,172.4517822265625,84.76258087158203,37.82428741455078,261.8049621582031,127.21865844726562
2024-10-16,53.31072998046875,139.6999969482422,457.02447509765625,24.48853874206543,112.73178100585938,174.07598876953125,85.3411636352539,39.27604675292969,263.02606201171875,128.52838134765625
2024-10-17,52.088008880615234,143.1999969482422,455.3299865722656,24.280506134033203,110.7066650390625,173.88490295410156,84.37686157226562,40.35506057739258,267.1778259277344,128.70301818847656
2024-10-18,49.05565643310547,147.0,446.3735046386719,23.80500030517578,106.94572448730469,168.63014221191406,79.74818420410156,38.8836784362793,261.8049621582031,126.60743713378906
2024-10-21,47.402530670166016,139.0,431.6073303222656,23.53752899169922,104.72772979736328,163.0887451171875,76.18025207519531,38.079322814941406,263.2702941894531,126.3454818725586
2024-10-22,48.81111145019531,140.1999969482422,445.88934326171875,23.53752899169922,107.71719360351562,167.0059356689453,78.68744659423828,38.8836784362793,268.39892578125,127.48059844970703
2024-10-23,48.04813003540039,139.3000030517578,437.17486572265625,22.883708953857422,106.84928894042969,162.3244171142578,77.96421813964844,37.66733932495117,261.56072998046875,125.47234344482422
2024-10-24,48.59591293334961,141.3000030517578,460.4134521484375,23.101648330688477,108.00650024414062,165.95498657226562,80.23033905029297,38.45207595825195,267.42205810546875,127.48059844970703
2024-10-25,48.88936233520508,139.39999389648438,460.1713562011719,23.478090286254883,107.23501586914062,165.19065856933594,82.0625228881836,38.7463493347168,269.6200256347656,127.56791687011719
2024-10-28,48.86980056762695,131.89999389648438,457.75067138671875,23.705936431884766,106.07781219482422,164.71295166015625,82.73754119873047,39.19757080078125,271.57379150390625,130.1000518798828
2024-10-30,49.887107849121094,131.5,471.06439208984375,23.696029663085938,104.63129425048828,165.28619384765625,82.5928955078125,39.472232818603516,271.0853576660156,129.4015350341797
2024-10-31,49.49583435058594,128.5,451.698974609375,23.577152252197266,103.08834838867188,161.4645538330078,80.27855682373047,38.393218994140625,266.200927734375,126.2581787109375
2024-11-01,48.83067321777344,128.60000610351562,450.2465515136719,23.745561599731445,101.8346939086914,160.03143310546875,79.74818420410156,38.58940124511719,266.6893615722656,126.69477081298828
2024-11-04,45.935264587402344,123.69999694824219,447.8258972167969,23.250242233276367,96.91654205322266,154.87222290039062,77.86778259277344,37.569244384765625,262.2934265136719,124.51187896728516
2024-11-05,45.38748550415039,124.80000305175781,445.4051818847656,23.656404495239258,94.26460266113281,154.49005126953125,78.1088638305664,37.883140563964844,265.95672607421875,123.2021484375
2024-11-06,46.424354553222656,127.4000015258789,476.8740539550781,24.151721954345703,98.17019653320312,157.3562774658203,80.0374755859375,38.824825286865234,270.8411560058594,126.08354187011719
2024-11-07,47.34384536743164,132.1999969482422,472.7588806152344,24.528165817260742,101.44895935058594,157.0696563720703,77.1445541381836,39.2956657409668,276.2140197753906,126.5201187133789
2024-11-08,50.08274459838867,135.8000030517578,477.8423156738281,25.310766220092773,105.88494110107422,163.75753784179688,80.0374755859375,40.02154541015625,283.5406494140625,128.2664337158203
2024-11-11,51.403282165527344,137.6999969482422,475.4216613769531,25.23647117614746,107.81362915039062,168.63014221191406,82.1107406616211,39.5703239440918,281.3426513671875,127.48059844970703
2024-11-12,51.84346389770508,136.0,456.05621337890625,24.914512634277344,107.81362915039062,167.3881072998047,81.19464111328125,39.27604675292969,279.8773193359375,125.73428344726562
2024-11-13,52.72382736206055,137.1999969482422,456.5403137207031,24.79068374633789,109.45301055908203,174.74476623535156,82.30359649658203,39.64879608154297,277.1908874511719,127.65523529052734
2024-11-14,54.19109344482422,137.39999389648438,460.1713562011719,25.310766220092773,109.74231719970703,176.7511444091797,83.84648895263672,40.35506057739258,279.8773193359375,129.1395721435547
2024-11-15,53.65309143066406,138.5,451.21484375,24.914512634277344,108.97084045410156,177.419921875,82.9303970336914,40.10002136230469,283.05218505859375,129.31422424316406
2024-11-18,53.84872817993164,140.10000610351562,445.16314697265625,25.01357650756836,109.74231719970703,180.28616333007812,82.83396911621094,40.08040237426758,282.0753173828125,128.52838134765625
2024-11-19,52.38146209716797,136.60000610351562,442.9844970703125,24.53807258605957,106.84928894042969,177.51547241210938,79.6999740600586,39.1583366394043,272.5506591796875,125.2977066040039
2024-11-20,51.06092071533203,132.5,429.9128723144531,23.7653751373291,105.11346435546875,175.41357421875,78.0606460571289,38.1970329284668,264.7356262207031,122.94020080566406
2024-11-21,55.658363342285156,138.3000030517578,441.7742004394531,24.666852951049805,110.61022186279297,180.1906280517578,83.60540771484375,39.41337585449219,273.2833557128906,126.5201187133789
2024-11-22,59.277618408203125,142.5,453.3934326171875,24.815448760986328,115.23907470703125,185.636474609375,88.42694091796875,39.96269226074219,273.0391540527344,127.8298568725586
2024-11-25,58.299442291259766,144.0,463.076171875,25.112640380859375,116.01055145263672,186.9740447998047,87.51085662841797,40.2569694519043,289.4019470214844,129.66348266601562
2024-11-26,57.908172607421875,143.5,459.2030944824219,24.815448760986328,116.20342254638672,189.17149353027344,86.20904541015625,39.76650619506836,287.2039489746094,128.96495056152344
2024-11-27,58.15271759033203,143.1999969482422,463.076171875,24.468727111816406,115.81768035888672,190.60459899902344,87.94479370117188,39.5703239440918,285.7386169433594,127.91717529296875
2024-11-28,58.39726257324219,143.39999389648438,470.5802917480469,24.983856201171875,117.55350494384766,192.0377197265625,87.94479370117188,39.589942932128906,280.6099548339844,128.70301818847656
2024-11-29,59.52216339111328,142.89999389648438,458.47686767578125,25.53861427307129,116.20342254638672,191.5600128173828,87.269775390625,39.78612518310547,278.4120178222656,128.52838134765625
2024-12-02,59.66889190673828,143.0,471.7906188964844,25.796180725097656,116.49272155761719,185.82754516601562,86.78762817382812,40.43353271484375,278.90045166015625,128.61569213867188
2024-12-03,62.01652145385742,142.8000030517578,486.0726623535156,25.756553649902344,120.253662109375,186.0186309814453,90.06626892089844,40.31582260131836,280.3657531738281,129.83811950683594
2024-12-04,61.38070297241211,145.3000030517578,490.4298400878906,25.85561752319336,119.38575744628906,189.74473571777344,90.83771514892578,40.53162384033203,282.31951904296875,133.06878662109375
2024-12-05,62.0654296875,145.10000610351562,494.787109375,25.677303314208984,119.96436309814453,189.45811462402344,90.2591323852539,40.57086181640625,286.71551513671875,132.02101135253906
2024-12-06,63.875064849853516,144.89999389648438,498.6601867675781,25.677303314208984,124.01461029052734,191.08230590820312,92.6698989868164,40.84552001953125,293.5536804199219,132.8068389892578
2024-12-09,64.90214538574219,150.0,509.3111572265625,26.747190475463867,127.29337310791016,191.7510986328125,97.20214080810547,42.375755310058594,293.5536804199219,134.90240478515625
2024-12-10,63.728336334228516,147.0,509.3111572265625,25.915056228637695,124.30390167236328,186.68740844726562,95.27352905273438,41.59101867675781,292.33258056640625,134.46583557128906
2024-12-11,62.505611419677734,148.8000030517578,520.930419921875,25.81599235534668,121.50730895996094,186.496337890625,94.1163558959961,41.72834777832031,294.286376953125,134.55316162109375
2024-12-12,62.26106643676758,148.3000030517578,518.9938354492188,26.073556900024414,121.31444549560547,187.2606658935547,93.87528228759766,41.51254653930664,291.5999450683594,131.75904846191406
2024-12-13,62.163246154785156,151.5,512.2159423828125,26.311309814453125,123.24313354492188,188.02499389648438,95.46638488769531,42.2580451965332,292.33258056640625,132.02101135253906
2024-12-16,61.33179473876953,150.1999969482422,496.7236022949219,25.81599235534668,123.24313354492188,185.636474609375,93.97171020507812,41.002464294433594,288.6692810058594,129.7508087158203
2024-12-17,61.33179473876953,148.8000030517578,502.04913330078125,25.915056228637695,125.84685516357422,185.34983825683594,95.32173919677734,40.39429473876953,290.86724853515625,129.66348266601562
2024-12-18,61.52743148803711,145.89999389648438,494.7305908203125,25.53861427307129,123.82173156738281,181.0504913330078,94.30921936035156,40.92399597167969,283.78485107421875,127.7425537109375
2024-12-19,59.81562042236328,142.6999969482422,489.85162353515625,25.063108444213867,120.253662109375,176.46450805664062,91.22343444824219,41.45368957519531,282.8079528808594,126.08354187011719
2024-12-20,59.37543869018555,142.10000610351562,482.7770690917969,24.86498260498047,120.92870330810547,173.88490295410156,90.64485168457031,42.76811981201172,283.05218505859375,127.04402160644531
2024-12-23,58.00598907470703,139.39999389648438,479.1178283691406,24.72629165649414,120.92870330810547,172.4517822265625,88.71623992919922,43.43514633178711,279.3888854980469,125.12308502197266
2024-12-24,58.93525695800781,141.3000030517578,476.92230224609375,24.627229690551758,121.9894790649414,171.9740753173828,91.07878875732422,42.55232238769531,278.90045166015625,124.424560546875
2024-12-25,63.63051986694336,141.6999969482422,498.63385009765625,24.825355529785156,128.54702758789062,176.2734375,95.41816711425781,42.611175537109375,281.5868835449219,125.55966186523438
2024-12-26,64.21742248535156,141.3000030517578,505.46441650390625,24.547977447509766,126.32902526855469,176.46450805664062,95.80389404296875,42.57194137573242,283.29638671875,125.47234344482422
2024-12-27,64.80432891845703,142.89999389648438,509.3676452636719,24.706480026245117,125.36468505859375,175.31802368164062,96.62355041503906,42.866214752197266,284.0290832519531,125.90892028808594
2024-12-30,64.21742248535156,142.6999969482422,511.3192138671875,24.36966323852539,121.7001724243164,172.35623168945312,94.45386505126953,41.9833869934082,275.7255859375,124.424560546875
2024-12-31,63.434879302978516,142.0,515.7102661132812,24.17153549194336,119.96436309814453,170.63650512695312,92.57347106933594,40.72780990600586,274.50445556640625,123.90066528320312
